Title	Order	Category	Min players	Max players	Best # of Players	Difficulty	Duration	max duration	Min Player Age	BGG Rating	Type of Game	Classic	co-op	Party	Expansion	Description	Notes
The Isle of Cats Duel												FALSE	FALSE	FALSE	FALSE		
5211 Azul	3	Lighter	2	5	4	1.19	20	30	8	6.32	family	FALSE	FALSE	FALSE	FALSE	Outwit your friends in this quick and clever abstract. Watch out for the kododos!	
7 Wonders	4	Standard	2	7	4–5	2.32	30	30	10	7.68	Family, Strategy, Card Drafting	FALSE	FALSE	FALSE	FALSE	Draft cards to develop your ancient civilization and build its Wonder of the World.	
7 Wonders Duel	7	2-Player	2	2	2	2.22	30	30	10	8.09	Strategy, Card Drafting	FALSE	FALSE	FALSE	FALSE	Science? Military? What will you draft to win this head-to-head version of 7 Wonders?	2 copies
7 Wonders Duel: Pantheon	7	2-Player	2	2	2	2.31	30	30	10	8.00	strategy	FALSE	FALSE	FALSE	TRUE	Create a unique pantheon of gods to worship in this expansion for 7 Wonders Duel!	
7 Wonders: Babel	4	Standard	2	7	5	2.66	45	45	10	6.88	Strategy, Card Drafting	FALSE	FALSE	FALSE	TRUE	Help build the Tower of Babel to gain your just reward or pay the price if you don't.	
Above and Below	4	Standard	2	4	3	2.52	90	90	13	7.36	Thematic, exploration, storytelling, dice rolling	FALSE	FALSE	FALSE	FALSE	Build your newly founded village above while exploring the caves and stories below.	
Acquire	4	Standard	2	6	4	2.49	90	90	12	7.35	strategy	FALSE	FALSE	FALSE	FALSE	Invest, divest, and stage hostile takeovers in this classic real estate game.	
Adulthood	4	Standard	1	4	4	2.33	45	45	13	7.08		FALSE	FALSE	FALSE	FALSE	Spend your time, energy, and money to navigate your adult life.	
Adventure Games: Monochrome Inc.	6	Co-Op	1	4	2	1.92	75	75	16	6.57	thematic	FALSE	TRUE	FALSE	FALSE	Investigate a mysterious drug company in this cooperative, story-driven adventure.	
Adventures of Robin Hood, The	4	Standard	2	4	2	1.84	60	60	10	7.47	thematic	FALSE	FALSE	FALSE	FALSE	Take on the role of Robin Hood in a cooperative game that changes while you play.	
Aeon's End	5	Advanced	1	4	2	2.81	60	60	14	7.89	strategy	FALSE	FALSE	FALSE	FALSE	Mages must reach their full potential to defend humanity from terrible monstrosities.	
Agricola: All Creatures Big and Small – The Big Box	7	2-Player	2	2	2	2.32	30	30	13	7.64	strategy	FALSE	FALSE	FALSE	FALSE	Two animal farmers expand their farms to breed the most sheep, pigs, cows and horses.	
Ahoy	5	Advanced	2	4	3–4	2.91	45	75	14	7.31	strategy	FALSE	FALSE	FALSE	FALSE	Different factions vie for fame on the high seas.	
Akropolis	4	Standard	1	4	3	1.78	20	30	8	7.48	family	FALSE	FALSE	FALSE	FALSE	Build your Greek city on multiple levels to keep your districts perfectly placed.	
Alchemists	5	Advanced	2	4	4	3.92	120	120	13	7.64	strategy	FALSE	FALSE	FALSE	FALSE	Showcase your alchemical know-how by publishing theories in this app-driven game.	
Alhambra	4	Standard	2	6	3	2.10	45	60	8	7.03	Family, Strategy, Tile Placement	FALSE	FALSE	FALSE	FALSE	Compete to build the most valuable picturesque walled city in 13th-century Granada.	
Alice is Missing	6	Co-Op	3	5			120	180	16		rpg	FALSE	TRUE	FALSE	FALSE		
ALIEN: Fate of the Nostromo	4	Standard	1	5	3	1.96	45	60	10	7.08	thematic	FALSE	FALSE	FALSE	FALSE	You can't defeat the Alien, so use what's at hand to keep it at bay until you escape.	
Almost Innocent	4	Standard	2	5	3	1.89	30	45	12	7.25		FALSE	FALSE	FALSE	FALSE	A cooperative deduction game of proving your (almost) innocence.	
Alpaca	4	Standard	2	4	2	2.13	30	30	10	6.56		FALSE	FALSE	FALSE	FALSE	Try to create the best alpaca ranch, collecting the most beautiful alpacas.	
Amalfi: Renaissance	5	Advanced	1	4	3	3.31	60	120	14	7.73	strategy	FALSE	FALSE	FALSE	FALSE	A unique mechanism where ships give you actions and also manage your resources.	
Amritsar: The Golden Temple	5	Advanced	1	4	3	3.33	60	120	14	7.49		FALSE	FALSE	FALSE	FALSE	The Maharaja needs your mancala skills and your elephant to rebuild the temple.	
Amun-Re: 20th Anniversary Edition	5	Advanced	2	5	5	2.95	90	90	12	7.53	strategy	FALSE	FALSE	FALSE	FALSE	As Pharaoh, participate in auctions to buy land and build pyramids to your greatness!	
Anachrony	5	Advanced	1	4	3	4.01	30	120	15	8.07	strategy	FALSE	FALSE	FALSE	FALSE	Use Exosuits & time travel to ensure your vision for the future after the cataclysm.	
Android: Mainframe	4	Standard	2	4	2	1.84	15	30	12	6.57	Customizable, Bluffing, Deck Building	FALSE	FALSE	FALSE	FALSE	Megacorporation versus Netrunner in this futuristic cyberpunk game of cat and mouse.	
Android: Netrunner	7	2-Player	2	2	2	3.41	45	45	14	7.89	Abstract Strategy, Open Drafting, Enclosure	FALSE	FALSE	FALSE	FALSE	Enter the system, control as many regions of data as you can, and emerge victorious. 	
Animals of Baker Street, The	6	Co-Op	1	4	2	1.78	45	45	10	7.67	thematic	FALSE	TRUE	FALSE	FALSE	Lead the investigation of Baker Street with Toby's animal crew!	
Ankh: Gods of Egypt	5	Advanced	2	5	2, 4	3.12	90	90	14	7.79	strategy	FALSE	FALSE	FALSE	FALSE	Take the role of Egyptian gods fighting to survive and be remembered.	
Anomia	1	Party	3	6	5	1.04	30	30	10	6.69	Party Game, Pattern Recognition, Word Game	FALSE	FALSE	TRUE	FALSE	Card matching with words on the tip of your tongue...	
Anomia: Party Edition	1	Party	3	6	5–6	1.02	30	30	10	7.10	Party Game, Pattern Recognition, Word Game	FALSE	FALSE	TRUE	FALSE	Adds 6 new decks to the Anomia card game family.	
Apiary	5	Advanced	1	5	3	2.96	60	90	14	7.82	strategy	FALSE	FALSE	FALSE	FALSE	Hyper-intelligent bees take to outer space to build, explore, and grow.	
Apples to Apples	1	Party	4	10	6–8	1.15	20	30	12	5.74	party	FALSE	FALSE	TRUE	FALSE	Choose silly or clever word matches to win this popular party game.	
Architects of the West Kingdom	4	Standard	1	5	4	2.76	60	80	12	7.73	Strategy, City Building, Worker Placement	FALSE	FALSE	FALSE	FALSE	Will you be a virtuous or nefarious servant of the king? Build your way to glory.	
Arcs	5	Advanced	2	4	3–4	3.38	60	120	14	8.26	strategy	FALSE	FALSE	FALSE	FALSE	Guide your faction through a space opera.	
Arctic Scavengers	4	Standard	2	5	4	2.26	45	60	12	6.76	Strategy, Bluffing, Deck/Bag/Pool Building	FALSE	FALSE	FALSE	FALSE	Fight, gamble and bluff in this desperate struggle for diminishing resources.	
Arctic Scavengers: Recon	4	Standard	1	5	3–4	2.29	30	60	13	7.13	Strategy, Bluffing, Deck/Bag/Pool Building	FALSE	FALSE	FALSE	TRUE	This expansion adds new tribe leader roles, new mercenaries, new equipment, and new levels of player interaction (i.e., new ways to make your opponents feel pain).	
Ark Nova	5	Advanced	1	4	2	3.77	90	150	14	8.53	strategy	FALSE	FALSE	FALSE	FALSE	Plan and build a modern, scientifically managed zoo to support conservation projects.	
Arkham Horror	6	Co-Op	1	8	4	3.58	120	240	14	7.24	thematic	FALSE	TRUE	FALSE	FALSE	Work as a team to save the town of Arkham from monsters and a Great Old One.	
Asara	4	Standard	2	4	4	2.34	45	45	9	7.00	strategy, family	FALSE	FALSE	FALSE	FALSE	Challenge rival architects to build the tallest towers for the Caliph of Asara.	
Ascension X: War of Shadows	4	Standard	2	4	2	2.00	30	45	13	7.52	strategy	FALSE	FALSE	FALSE	FALSE	Infuse heroes and constructs with the powers of Sun and Moon in the quest for honor.	
Ascension: Deckbuilding Game	4	Standard	1	4	2	2.14	30	30	13	7.04	strategy	FALSE	FALSE	FALSE	FALSE	Forge your deck with mighty heroes and constructs to claim the most honor.	
Assault of the Giants	5	Advanced	3	6	4–5	3.42	60	150	14	6.66	Strategy, Action Retrival, Dice rolling, Open Drafting	FALSE	FALSE	FALSE	FALSE	Diverse giant tribes compete to complete unique goals by chaining card actions. 	
Atlantis Rising (Second Edition)	6	Co-Op	1	7	4	2.45	60	120	10	7.52	strategy, family	FALSE	TRUE	FALSE	FALSE	Work together to build the a mystical portal to save the city of Atlantis before all is lost benieth the waves!	
Autumn	3	Lighter	1	3	2–3	1.13	10	20	8	6.49	family	FALSE	FALSE	FALSE	FALSE	Build the best pattern of fallen leaves.	
Azul Duel	7	2-Player	2	2	2	2.33	30	45	10	6.84		FALSE	FALSE	FALSE	FALSE	Decorate a palace ceiling after creating your own pattern.	
Babylonia	4	Standard	2	4	3–4	2.37	60	60	14	7.66	strategy	FALSE	FALSE	FALSE	FALSE	Compete for the land and cities between the rivers while commanding mighty ziggurats.	
Backgammon	2	Classic	2	2	2	2.01	30	30	8	6.56	abstracts	TRUE	FALSE	FALSE	FALSE	Quickly roll & move your pieces off the board, but don't leave lone ones defenseless!	
Bamboo	5	Advanced	2	4	3	2.88	90	110	14	7.18	strategy	FALSE	FALSE	FALSE	FALSE	Harvest your bamboo crops and build your family's homestead.	
Bamboozled	1	Party	2	8	6–8	1.00	5	15	8	5.78		FALSE	FALSE	TRUE	FALSE	Bamboozled is a fast-paced party style bluffing game. 	
Bananagrams	1	Party	1	8	3–5	1.30	15	15	7	6.40	Family, Word Game, tile placement, spelling	FALSE	FALSE	TRUE	FALSE	Race to arrange your letter tiles into a crossword before anyone else.	
Bandida	6	Co-Op	1	4	2–3	1.36	15	15	6	6.48	family	FALSE	TRUE	FALSE	FALSE	Try to catch Bandida or help her to escape!	
Bandido	3	Lighter	1	4	2	1.10	10	15	6	6.42	family	FALSE	FALSE	FALSE	FALSE	There’s been a prison break! Close off all the exits to put the prisoner behind bars.	
BANG!	1	Party	4	7	7	1.63	20	40	8	6.49	party	FALSE	FALSE	TRUE	FALSE	Be the last one standing in this wild west shootout game with hidden roles.	
BANG! The Dice Game	1	Party	3	8	6–7	1.28	15	15	8	6.89	Party, Bluffing, Deduction, Hidden Roles, Push Your Luck	FALSE	FALSE	TRUE	FALSE	A wild west elimination dice game with secret teams. 	
Bargain Quest	4	Standard	2	6	4	2.03	30	60	8	6.84	family	FALSE	FALSE	FALSE	FALSE	Sell heroes the gear they need to defeat monsters threatening your town.	
Battle Sheep	3	Lighter	2	4	4	1.46	15	15	7	6.60	abstracts	FALSE	FALSE	FALSE	FALSE	Move and spread your flock to claim pastures while you block.	
Battleship	7	2-Player	2	2	2	1.21	30	30	8	4.72	childrens	FALSE	FALSE	FALSE	FALSE	Detect the enemy fleet and sink it.	
Beat the 8 Ball	1	Party	2	4	4	1.00	10	10	7	6.51	party	FALSE	FALSE	TRUE	FALSE		
Beer & Bread	7	2-Player	2	2	2	2.34	30	45	10	7.43	strategy, family	FALSE	FALSE	FALSE	FALSE	Two villages face off in the traditions of brewing beer and baking bread.	
Betrayal at Baldur's Gate	6	Co-Op	3	6	5	2.57	60	60	12	7.08	Thematic, Storytelling, Traitor, Team-Based, Modular Board	FALSE	TRUE	FALSE	FALSE	Explore the city, discover its mystery, and face the traitor amongst yourselves....	
Betrayal at House on the Hill	6	Co-Op	3	6	5–6	2.40	60	60	12	7.02	Thematic, Storytelling, Traitor, Team-Based, Modular Board	FALSE	TRUE	FALSE	FALSE	Explore a haunted house as a team ... until one of you turns against the rest.	
Betrayal at House on the Hill: Widow's Walk	6	Co-Op	3	6	4–6	2.80	60	0	12	7.45	Thematic, Storytelling, Traitor, Team-Based, Modular Board	FALSE	TRUE	FALSE	TRUE	Expands Betrayal at House on the Hill by adding the roof level, and 50 new haunts.	
Between Two Castles Essential Edition	3	Lighter	1	8		0.00	45	60	14	7.33		FALSE	FALSE	FALSE	FALSE	Work with two partners to draft and place tiles into two castles.	
Beyond the Sun	5	Advanced	2	4	3	3.13	60	120	14	7.91	strategy	FALSE	FALSE	FALSE	FALSE	Collectively develop a tech tree to fuel new discoveries and colonize space.	
Big Boggle	1	Party	2	8	4	1.50	10	10	8	6.89	family	FALSE	FALSE	TRUE	FALSE	Find words using connecting letters in a 5x5 grid. The longer the better!	
Bigfoot vs Yeti: Splat Attack! DEMO	10	 										FALSE	FALSE	FALSE	FALSE		
Bitoku	5	Advanced	1	4	3	3.74	120	120	12	7.83	strategy	FALSE	FALSE	FALSE	FALSE	Become the next great spirit of the forest, exploring it and helping lost souls.	
Black Forest	5	Advanced	1	4	1, 3	3.30	60	120	14	7.67		FALSE	FALSE	FALSE	FALSE	Develop your small, glass-making domain in the woods of the Black Forest.	
Black Hole Buccaneers	4	Standard	3	6	3–5	2.08	30	45	10	6.71		FALSE	FALSE	FALSE	FALSE	Collect valuable items and use their effects, but beware the pull of the black hole.	
Black Mirror: NOSEDIVE	4	Standard	3	6	3	1.80	0	0	13	4.09		FALSE	FALSE	FALSE	FALSE		
Black Mold	5	Advanced	2	5	5	3.00	60	120	12	7.47		FALSE	FALSE	FALSE	FALSE	The length of your turn is limited to how long you can hold your breath.	
Blokus	3	Lighter	2	4	4	1.74	20	20	7	6.86	Abstract, Tile Placement, Grid Coverage	FALSE	FALSE	FALSE	FALSE	Fit your tiles on a shared board with not enough space for everyone.	2 copies
Bloodborne: The Card Game	6	Co-Op	3	5	4–5	2.06	30	45	14	6.86	Thematic, Hand Managemnet, Push your luck, Semi-Cooperative	FALSE	TRUE	FALSE	FALSE	The hunt is on! Take on nightmarish fiends and collect the most blood echoes.	
Blueprints of Mad King Ludwig	4	Standard	1	5	4	2.60	60	60	15	7.40		FALSE	FALSE	FALSE	FALSE	Test your architectural skills as you sketch out amazing floor plans fit for a king.	
Bob Ross: Art of Chill Game	3	Lighter	2	4	3	1.73	30	30	12	6.74	family	FALSE	FALSE	FALSE	FALSE	Calmly collect paints and brushes to create almighty mountains and happy little trees	
Boggle Jr.	3	Lighter	1	2		1.33	10	10	3	4.47	childrens	FALSE	FALSE	TRUE	FALSE	Solitaire spelling drill for the preschooler.	
Bohnanza: 25th Anniversary Edition	3	Lighter	2	7	4–5	1.52	45	45	10	7.60	family	FALSE	FALSE	FALSE	FALSE	Celebrate a quarter century of planting beans.	
Bohnanza: Dahlias	3	Lighter	3	5	5	1.25	45	0	10	7.84		FALSE	FALSE	FALSE	FALSE	Plant and trade dahlias, while managing the flow of cards in your hand.	
Bonsai	4	Standard	1	4	3	1.87	40	40	10	7.21	family	FALSE	FALSE	FALSE	FALSE	Use your mastery of cultivation and meditation to guide the growth of your bonsai.	
Boonlake	5	Advanced	1	4	3	3.80	80	160	14	7.65	strategy	FALSE	FALSE	FALSE	FALSE	Build, raise cattle, expand and explore in a fictional Western US region.	
Botany	4	Standard	1	5	3–4	1.97	45	90	8	7.07		FALSE	FALSE	FALSE	FALSE	Flower hunters compete to find fortune and fame and be named the Royal Botanist.	
Break the Cube	3	Lighter	2	4	2	1.60	15	25	10	7.17	abstracts, family	FALSE	FALSE	FALSE	FALSE	Be the first player to break your opponent's cube!	
Brew	4	Standard	2	4	3	2.37	45	90	10	7.06	strategy	FALSE	FALSE	FALSE	FALSE	Bring balance back to the forest with potions and woodland creatures.	
Brigands	4	Standard	2	6	4–5	2.00	25	50	10	7.15		FALSE	FALSE	FALSE	FALSE	Only the most cunning or the most strategist will have the treasure of the city!	
Bärenpark	3	Lighter	2	4	4	1.66	30	45	8	7.29	Family, Tile Placement, Set Collection, Open Drafting	FALSE	FALSE	FALSE	FALSE	Build a bear park on personal boards by carefully placing polyominoes.	
Ca$h 'n Guns: Second Edition	1	Party	4	8	6–8	1.25	30	30	10	6.82	Party, Negotiation, Open Drafting, Player Elimination	FALSE	FALSE	TRUE	FALSE	A band of gangsters splits its loot — but guns speak louder than money.	
Calico	4	Standard	1	4	2	2.19	30	45	10	7.52	Abstract, Family, Tile Placement, Pattern Building	FALSE	FALSE	FALSE	FALSE	Sew a quilt, collect buttons, attract cats! 	
Call of Cthulhu: The Card Game	7	2-Player	2	2	2	2.89	30	30	13	6.89	Strategy, Deck/Bag/Pool Building, Open Drafting, Customizable	FALSE	FALSE	FALSE	FALSE	Succeed at stories by facing down your opponent with your custom deck.	
Call to Adventure	4	Standard	1	4	3	2.01	30	60	13	7.07	Thematic, Storytelling, Dice Rolling, Deck/Bag/Pool Building, Set Collecting	FALSE	FALSE	FALSE	FALSE	Hero or Foe? You decide in this tile chucking, character building game. 	
Call to Adventure: The Name of the Wind	4	Standard	2	4	2	2.43	30	60	13	7.15	Thematic, Storytelling, Dice Rolling, Deck/Bag/Pool Building, Set Collecting	FALSE	FALSE	FALSE	TRUE	A 75-card expansion based on The Kingkiller Chronicle by Patrick Rothfuss.	
Call to Adventure: The Stormlight Archive	4	Standard	1	4	3	1.95	30	60	13	7.00	Thematic, Storytelling, Dice Rolling, Deck/Bag/Pool Building, Set Collecting	FALSE	FALSE	FALSE	FALSE	Craft a hero's story in Roshar, and remember, journey before destination.	
Camel Up	3	Lighter	2	8	4–5	1.50	20	30	8	7.04	Party, Family, Betting and Bluffing, Dice Rolling	FALSE	FALSE	FALSE	FALSE	Place your bets and bend the odds in this crazy camel-stacking race!	
Camel Up: Off Season	4	Standard	3	5	3	2.00	45	45	8	6.89		FALSE	FALSE	FALSE	FALSE	Can you stack the camels in your caravan with goods without making them topple?	
Can't Catch Harry	1	Party	2	6	4	1.44	15	30	6	5.14		FALSE	FALSE	TRUE	FALSE	An Odd Ones Out version of the classic game spoons.	
Canasta Caliente	1	Party	2	6	4	1.72	60	60	7	6.32	family	FALSE	FALSE	TRUE	FALSE	Custom card deck for playing a Canasta variation with two to six players.	
Candyland Bingo	3	Lighter	2	4		1.00	10	10	4	4.23	childrens	FALSE	FALSE	FALSE	FALSE	Candyland Bingo is a delightful color-recognition treat for your children. 	
Canopy: Evergreen	4	Standard	1	4	3	2.20	45	60	10	7.52		FALSE	FALSE	FALSE	FALSE	Build your US Pacific Northwest forest with plants, animals, and trees!	
Captain Sonar	1	Party	2	8	8	2.20	45	60	14	7.51	Party, Thematic, Deduction, Hidden Movement, Team-Based, Simulation	FALSE	FALSE	TRUE	FALSE	Torpedoes away! Hunt for your opponent's sub in this exciting, real-time team game. 	
Carcassonne	4	Standard	2	5	2	1.89	30	45	7	7.41	Family, Terretory building, Tile Placement, Enclosure	FALSE	FALSE	FALSE	FALSE	Shape the medieval landscape of France, claiming cities, monasteries and farms.	
Carpe Diem	4	Standard	2	4	3	2.51	45	75	10	7.51	strategy	FALSE	FALSE	FALSE	FALSE	Build villas and lands to produce gold, bread and goods in ancient Rome.	
Cartographers	4	Standard	1	100	3–4	1.88	30	45	10	7.59	Family, Terretory Building, Paper-and-Pencil, Grid Coverage	FALSE	FALSE	FALSE	FALSE	Explore lands on behalf of the queen and draw the most proficient maps to earn favor.	
Cascadia	4	Standard	1	4	2–3	1.85	30	45	10	7.94	abstracts, family	FALSE	FALSE	FALSE	FALSE	Create the most harmonious ecosystem as you puzzle together habitats and wildlife.	
Castle Panic	6	Co-Op	1	6	4	1.65	30	60	8	6.65	family	FALSE	TRUE	FALSE	FALSE	We’re under attack! Protect the castle from the onslaught of fierce monsters.	
Castles by the Sea	4	Standard	1	4	2–3	2.11	30	60	12	6.99		FALSE	FALSE	FALSE	FALSE	Build and rebuild a tiny sandcastle kingdom in this 3D spatial puzzler.	
Castles of Burgundy, The	5	Advanced	1	4	2	2.92	70	120	12	8.44	strategy	FALSE	FALSE	FALSE	FALSE	Build your princedom into a bustling metropolis of commerce.	
Castles of Mad King Ludwig	4	Standard	1	4	4	2.65	90	90	13	7.51	strategy	FALSE	FALSE	FALSE	FALSE	Choose and play tiles to satisfy the king's whims and build the best fantasy castle.	
Cat Lady	3	Lighter	2	4	2	1.38	15	30	8	7.01	family	FALSE	FALSE	FALSE	FALSE	Collect food, toys, and even costumes to please your growing family of cats.	
Cat Lady: Box of Treats	3	Lighter	1	6	3–4	1.50	30	30	8	7.31		FALSE	FALSE	FALSE	TRUE	New challenges await you and your fellow cat lovers in Cat Lady: Box of Treats.	
Catan Dice Game	3	Lighter	1	4	2	1.23	15	30	7	5.72	family	FALSE	FALSE	FALSE	FALSE	Roll to build settlements, roads, cities and hire knights.	
Catan, The Settlers of 	4	Standard	3	6	3–4	2.48	60	75	10	7.08	strategy, family	FALSE	FALSE	FALSE	FALSE	Embark on a quest to settle the island of Catan!	
Catan: 5-6 Player Extension	4	Standard	5	6	5	2.31	120	120	10	6.97	family	FALSE	FALSE	FALSE	TRUE	Two more opponents in The Settlers of Catan? Yes you can.	Inside Classic Catan
Catan: Explorers & Pirates	5	Advanced	2	4	4	2.84	90	120	12	7.14	strategy, family	FALSE	FALSE	FALSE	FALSE	Race to explore & expand your colony off shore and bring back gold.	
Catch the Moon	3	Lighter	1	6	3–4	1.00	20	20	6	6.75	Family, Action/Dexterity, Stacking and Balancing	FALSE	FALSE	FALSE	FALSE	Reach for the moon in your dream on a precariously balanced stack of ladders.	
Cathedral	7	2-Player	2	2	2	1.79	20	20	8	6.55	abstracts	FALSE	FALSE	FALSE	FALSE	Outwit your opponent and play all your pieces first in this abstract city-builder.	
Catstronauts	3	Lighter	2	4		1.00	10	15	6	5.39		FALSE	FALSE	FALSE	FALSE	Race to place cats on the right sequence of planets!	
Cauldron Quest	6	Co-Op	2	4	2–3	1.17	20	0	6	6.20	childrens	FALSE	TRUE	FALSE	FALSE	Work together to get the three correct ingredients into the Cauldron before all six of the paths are blocked and the evil Wizard has destroys the kingdom! 	
Caverna: The Cave Farmers	5	Advanced	1	7	4	3.78	30	210	12	7.94	Strategy, Tile Placement, Worker Placement, Farming	FALSE	FALSE	FALSE	FALSE	From a simple cave, expand your dwarven home through mining, agriculture, and more. 	
Cellulose: A Plant Cell Biology Game	2	Classic	1	5	3	2.59	45	90	14	7.35	strategy	TRUE	FALSE	FALSE	FALSE	Worker Placement Engine-Builder in a Plant Cell	
Celtae	4	Standard	1	4	3	2.72	50	100	10	7.19		FALSE	FALSE	FALSE	FALSE	Lead the Celts on their European expansion.	
Century: A New World	4	Standard	2	4	3	2.12	30	45	8	7.31	Family, Strategy, Worker Placement, Set Collections, Action Retrival	FALSE	FALSE	FALSE	FALSE	Place workers to find and upgrade resources as the expedition reaches distant shores.	
Century: Eastern Wonders	4	Standard	2	4	4	2.11	30	45	8	7.12	Family, Set Collection, Contracts, Pick-up and Deliver	FALSE	FALSE	FALSE	FALSE	Explore the high seas to establish new spice trading networks among the islands.	
Century: Spice Road	4	Standard	2	5	3–4	1.80	30	45	8	7.30	Family, Auction Retrival, Deck/Bag/Pool Building, Engine Building	FALSE	FALSE	FALSE	FALSE	Grow and trade spices and use them to gain estate.	
Cerebria: The Inside World	5	Advanced	1	4	2, 4	4.34	60	120	14	7.74	strategy	FALSE	FALSE	FALSE	FALSE	Spirits of Bliss and Gloom manipulate emotions in a tug of war to represent the mind.	
Charcuterie: The Board Game	3	Lighter	2	6	4	1.33	10	30	12	6.92		FALSE	FALSE	FALSE	FALSE	Chefs compete drafting meats and more to create the most delicious charcuterie board.	
Checkers	2	Classic	2	2	2	1.71	30	30	6	4.93	Abstract strategy, Grid Movement, Pattern Movement	TRUE	FALSE	FALSE	FALSE	Checkmate your opponent in this timeless abstract. 	
Cheese Factory	3	Lighter	2	4		0.00	20	30	14	7.14		FALSE	FALSE	FALSE	FALSE	Choose a Chef! Build a Factory! Make the Cheese! Burn It All Down!	
Chess	2	Classic	2	2	2	3.65	0	0	6	7.22		TRUE	FALSE	FALSE	FALSE	Checkmate your opponent in this timeless abstract.	4 copies
Chocobo's Dungeon: The Board Game	3	Lighter	1	4	4	1.50	45	0	13	7.35		FALSE	FALSE	FALSE	FALSE	Co-op adventure: Conquer monsters, gather items, escape dungeons with Chocobo!	
Choose Your Own Adventure: House of Danger	6	Co-Op	1	99	1	1.13	60	60	10	6.22	thematic	FALSE	TRUE	FALSE	FALSE	Choose your path though a strange house and hope it doesn't end in death.	
Chronicles of Avel	6	Co-Op	1	4	3–4	1.96	60	60	8	7.56	childrens, family	FALSE	TRUE	FALSE	FALSE	Team up and fight together to save magical land of Avel.	
Citadels	4	Standard	2	8	5	2.04	30	60	10	7.25	family	FALSE	FALSE	FALSE	FALSE	Thief? King? Warlord? Draft the best temporary roles in this kingdom building game.	
Cities	4	Standard	2	4	4	2.00	30	40	10	7.47	family	FALSE	FALSE	FALSE	FALSE	Travel through the most unique cities of the world and plan the best neighborhood.	
Cities	4	Standard	2	4	4	2.00	30	40	10	7.45	family	FALSE	FALSE	FALSE	FALSE	Travel through the most unique cities of the world and plan the best neighborhood.	
City of the Great Machine	5	Advanced	1	4	1, 4	3.61	60	90	14	7.79	thematic, strategy	FALSE	FALSE	FALSE	FALSE	One-vs-Many strategy game set in the Victorian steampunk universe.	
Clank! In! Space!: A Deck-Building Adventure	4	Standard	2	4	3	2.58	45	90	12	7.78	Family, Strategy, Deck/Bag/Pool Building, Push Your Luck 	FALSE	FALSE	FALSE	FALSE	Tiptoe your way through Lord Eradikus' spaceship to nab artifacts and an escape pod.	
CloudAge	5	Advanced	1	4	3	2.84	60	100	10	7.21	strategy	FALSE	FALSE	FALSE	FALSE	Travel in airships above dried-up landscapes, visit cities, and battle Cloud militia.	
Clue	2	Classic	2	6	4–5	1.65	45	45	8	5.68	family	TRUE	FALSE	FALSE	FALSE	An Amazon Alexa enabled adaptation of the classic board game whodunnit.	
Clue	3	Lighter	2	6	4–5	1.65	45	45	8	5.68	family	FALSE	FALSE	FALSE	FALSE	An Amazon Alexa enabled adaptation of the classic board game whodunnit.	
Clue Conspiracy	4	Standard	4	10	10	2.17	45	45	14	6.45		FALSE	FALSE	FALSE	FALSE	The team based, hidden role, adult party game version of Clue!	
Clue: Card Game	3	Lighter	3	4	4	1.29	15	15	8	5.84	family	FALSE	FALSE	FALSE	FALSE	Cluedo without a board. Solve a murder by asking the right questions!	
Clue: Treachery at Tudor Mansion	6	Co-Op	1	6	4	1.29	90	90	10	6.35		FALSE	TRUE	FALSE	FALSE	The classic Clue story in an escape room board game.	
Codenames	1	Party	2	8	6, 8	1.26	15	15	14	7.54	Party, Team-Based Game, Push Your Luck, Deduction	FALSE	FALSE	TRUE	FALSE	Give your team clever one-word clues to help them spot their agents in the field.	
Codenames BIG Box	1	Party	2	8	6, 8	1.26	15	15	14	7.54	Party, Team-Based Game, Push Your Luck, Deduction	FALSE	FALSE	TRUE	FALSE	Give your team clever one-word clues to help them spot their agents in the field.	
Codenames: Disney – Family Edition	3	Lighter	2	8	4, 6	1.21	15	15	8	6.61	party, family	FALSE	FALSE	FALSE	FALSE		
Codenames: Duet	7	2-Player	2	2	2	1.36	15	30	11	7.43	family	FALSE	FALSE	TRUE	FALSE	Swap one-word coded clues with your partner, trying to identify specific word cards.	
Codenames: Pictures	1	Party	2	8	6	1.24	15	15	10	7.18	party	FALSE	FALSE	TRUE	FALSE	Give your team one-word coded clues, trying to identify specific image cards.	2 copies
Coffee Rush	4	Standard	2	4	3	1.81	30	30	8	7.15	family	FALSE	FALSE	FALSE	FALSE	Become the greatest barista by quickly fulfilling coffee and beverage orders.	
Coffee Traders	5	Advanced	2	5	4–5	4.22	120	150	12	7.73	strategy	FALSE	FALSE	FALSE	FALSE	Develop coffee regions around the world while building your coffee trading network.	
Colt Express: Big Box	4	Standard	2	9	5–6	2.24	40	40	10	7.83		FALSE	FALSE	FALSE	FALSE	A collection of the Colt Express experience.	
Concordia	5	Advanced	2	5	4	2.99	100	100	13	8.09	strategy	FALSE	FALSE	FALSE	FALSE	Merchants build and trade throughout the Roman Empire to please the Gods.	
Connect Four	2	Classic	2	2	2	1.19	10	10	6	4.97	childrens, abstracts	TRUE	FALSE	FALSE	FALSE	Take turns dropping pieces to be the first player to connect four in a row!	
Coral Islands	4	Standard	1	4	2	2.00	15	45	8	6.05		FALSE	FALSE	FALSE	FALSE	Repopulate coral and redevelop islands to make them conducive to animal life.	
CoraQuest	4	Standard	1	4	4	1.98	45	60	6	7.90	childrens, family	FALSE	FALSE	FALSE	FALSE	A cooperative and customizable dungeon crawl adventure for the entire family.	
CoraQuest	6	Co-Op	1	4	4	1.98	45	60	6	7.90	childrens, family	FALSE	TRUE	FALSE	FALSE	A cooperative and customizable dungeon crawl adventure for the entire family.	
Cosmic Encounter	4	Standard	3	5	5	2.58	60	120	12	7.52	Strategy,  Thematic	FALSE	FALSE	FALSE	FALSE	Conquer the galaxy with shifting alliances and the unique powers of your alien race.	
Council of Verona	3	Lighter	2	5	3	1.39	20	20	13	6.28	Party	FALSE	FALSE	FALSE	FALSE	Influence Prince Escalus's council to end the Capulets and Montague conflict.	
Coup	1	Party	2	6	5	1.41	15	15	13	6.98	Party	FALSE	FALSE	TRUE	FALSE	Bluff (and call bluffs!) to victory in this card game with no third chances.	2 copies
Coup: Rebellion G54	1	Party	3	6	5–6	1.93	15	15	14	6.99	Party	FALSE	FALSE	TRUE	FALSE	Use bluffing, deduction, negotiation and luck to eliminate your rivals and survive.	
Cranium	1	Party	4	99	8	1.42	60	60	13	5.68	party	FALSE	FALSE	TRUE	FALSE	Use your brain to draw, sculpt, act it out, and more in this party game.	
Creature Caravan	4	Standard	1	4	2–4	2.35	60	90	8	8.12		FALSE	FALSE	FALSE	FALSE	Caravans of fantasy creatures travel through a dangerous land.	
Creature Comforts	4	Standard	1	5	2	2.36	45	45	8	7.47	family	FALSE	FALSE	FALSE	FALSE	Winter is coming – prepare your burrow so you and your family can be comfy cozy!	
Crew, The: Mission Deep Sea	6	Co-Op	2	5	4	2.03	20	20	10	8.13	family	FALSE	TRUE	FALSE	FALSE	Dive into the deep sea in this co-operative trick-taking game with variable missions.	
Crew, The: The Quest for Planet Nine	6	Co-Op	2	5	4	1.95	20	20	10	7.79	family	FALSE	TRUE	FALSE	FALSE	Go on many planet-discovering space missions in this cooperative trick-taking game.	
Crossing the Woods	3	Lighter	2	5		0.00	20	20	5	5.75		FALSE	FALSE	FALSE	FALSE	Help Pirouette the squirrel get home!	
Crusaders: Thy Will Be Done	4	Standard	2	4	3–4	2.46	40	60	14	7.48	strategy	FALSE	FALSE	FALSE	FALSE	Convert the locals, build churches & banks and spread the influence of your order.	
Cubitos	4	Standard	2	4	4	2.17	30	60	10	7.40	family	FALSE	FALSE	FALSE	FALSE	Race for the glory of the Cube Cup in this exciting game of luck and strategy!	
Custom Heroes	3	Lighter	2	6	4	1.62	45	45	14	6.81	Family	FALSE	FALSE	FALSE	FALSE	Modify your cards as you play to help you win tricks in this climbing game.	2 copies
Cutthroat Caverns	4	Standard	3	6	5–6	2.08	90	90	12	6.51	Thematic	FALSE	FALSE	FALSE	FALSE	Plot carefully to strike the killing blow on monsters without falling prey to them.	
Cuzco	4	Standard	2	4	3	2.61	90	90	12	7.42	abstracts, strategy	FALSE	FALSE	FALSE	FALSE	Complete challenging tasks by running through the Andes and more!	
Daitoshi	5	Advanced	1	4	3	3.93	120	120	14	7.81		FALSE	FALSE	FALSE	FALSE	Use the power of steam to do business and expand your factory in the big city.	
Daybreak	6	Co-Op	1	4	2	2.95	60	120	10	7.67	strategy	FALSE	TRUE	FALSE	FALSE	Cooperatively decarbonize the planet and create resilient societies.	
Dead Cells: The Rogue-Lite Board Game	4	Standard	1	4	3	2.30	45	45	14	8.21		FALSE	FALSE	FALSE	FALSE	Explore. Kill. Die. Mutate. Repeat.	
Dead Men Tell No Tales	6	Co-Op	2	5	3	2.52	60	75	13	7.11	thematic, strategy	FALSE	TRUE	FALSE	FALSE	Work together as pirates to defeat enemies and loot the burning ship.	
Dead of Winter: A Crossroads Game	6	Co-Op	2	5	4	3.01	60	120	13	7.46	thematic	FALSE	TRUE	FALSE	FALSE	As you struggle to keep survivors alive, how will you value group vs. personal needs?	
Dead Reckoning	5	Advanced	1	4	3	3.43	90	150	14	8.17	strategy	FALSE	FALSE	FALSE	FALSE	Card Crafting meets 4X!  Sail the high seas and choose your path to victory!	
Deadly Dinner: Killing Woodstock	3	Lighter	7	10	10	0.00	180	240	16	7.47		FALSE	FALSE	FALSE	FALSE	San Francisco, 1970: Find the guru's killer to bring back Love, Peace and Happiness.	
Deception: Murder in Hong Kong	1	Party	4	12	6–8	1.58	20	20	14	7.44	Party	FALSE	FALSE	TRUE	FALSE	Interpret forensic evidence to solve a murder. Beware, the murderer may be among you!	
Deckscape: The Mystery of Eldorado	6	Co-Op	1	6	2–3	1.69	30	90	12	6.41	thematic	FALSE	TRUE	FALSE	FALSE	You are a group of explorers, who have long sought the legendary golden city in the heart of the forest, without finding it.	
Defenders of the Wild	5	Advanced	1	4	2	3.00	60	120	14	7.52		FALSE	FALSE	FALSE	FALSE	Cooperate with other animal factions against the machine invasion.	
Desperados of Dice Town	3	Lighter	2	4	4	1.36	25	25	8	6.15	family	FALSE	FALSE	FALSE	FALSE	Break your gang out of prison and bankrupt your rivals before they do the same.	
Destinies	4	Standard	1	3	2	1.92	90	150	14	7.71	thematic	FALSE	FALSE	FALSE	FALSE	Characters explore a medieval-fantasy land as they race to fulfill their destiny.	
Devs	10	 										FALSE	FALSE	FALSE	FALSE		
Dice Forge	4	Standard	2	4	4	1.97	45	45	10	7.22	family	FALSE	FALSE	FALSE	FALSE	Control luck itself! Choose to forge improved dice or complete quests for rewards.	
Dice Hospital: ER – Emergency Roll	4	Standard	1	6	2–3	1.92	20	30	10	6.52		FALSE	FALSE	FALSE	FALSE		
Die Hard: The Nakatomi Heist Board Game	4	Standard	2	4	4	2.25	60	90	15	6.51		FALSE	FALSE	FALSE	FALSE	A one-versus-many, asymmetric game pitting John McClane against Hans Gruber.	
Diluvium	4	Standard	1	4	2	2.20	15	60	10	7.20		FALSE	FALSE	FALSE	FALSE	A 4x game that lasts less than an hour.	
Dimension	3	Lighter	1	4	4	1.38	30	30	8	6.85	family	FALSE	FALSE	FALSE	FALSE	Stack your colored orbs while making sure to follow all the rules.	
Dinosaur Escape	3	Lighter	2	4	3	1.00	20	20	4	5.43		FALSE	FALSE	FALSE	FALSE	Work together to get three dinosaurs safely to an island before a volcano erupts!	
Dinosaur Island: Rawr 'n Write	5	Advanced	1	4	2	2.80	30	45	10	7.71	strategy	FALSE	FALSE	FALSE	FALSE	Draw the most exciting dinosaur theme park known to humankind.	
Dinosaur Tea Party	3	Lighter	3	5	4–5	1.21	15	30	7	6.43	family	FALSE	FALSE	FALSE	FALSE	Ask questions about your fellow party guests as you try to deduce who is who.	
Dios Mio: Base Pack	1	Party	3	10		1.00	30	60	14		party	FALSE	FALSE	TRUE	FALSE		
Diplomacy	5	Advanced	2	7	7	3.33	360	360	12	7.04	war,strategy	FALSE	FALSE	FALSE	FALSE	Powers of post-Victorian Europe cooperate and clash to become master of the Continent	
Disney Jungle Cruise Adventure Game	3	Lighter	2	4	3–4	1.13	45	60	8	5.70		FALSE	FALSE	FALSE	FALSE	Inspired by the Disney Parks ride, carry valuable cargo and passengers through peril.	
Disney Sidekicks	6	Co-Op	2	4	3	2.00	40	40	8	5.38		FALSE	TRUE	FALSE	FALSE	Sidekicks step into the spotlight to rescue the heroes and become heroes themselves.	
Disney Villainous: Despicable Plots	4	Standard	2	3	3	2.14	40	60	10	7.49	family	FALSE	FALSE	FALSE	FALSE	The most despicable plot wins as these classic Disney villains face off.	
Disney Villainous: Perfectly Wretched	4	Standard	2	3	3	2.29	40	60	10	7.61	family	FALSE	FALSE	FALSE	FALSE	The cruelest of them all have come to conquer the spotlight.	
Disney Villainous: The Worst Takes it All	4	Standard	2	6	3	2.48	45	120	10	6.94	family	FALSE	FALSE	FALSE	FALSE	Rule your realm and rewrite your tale to be the best at being the Worst.	
Dixit	1	Party	3	8	5–6	1.20	30	30	8	7.20	party	FALSE	FALSE	TRUE	FALSE	Give the perfect clue so most (not all) players guess the right surreal image card.	
Djinn	5	Advanced	1	4	3	2.90	60	90	12	7.31	strategy	FALSE	FALSE	FALSE	FALSE	Prevent a bunch of Djinns from stealing your Source of Magical Power.	
Dodo	3	Lighter	2	4	3	1.06	10	10	6	6.56	childrens	FALSE	FALSE	FALSE	FALSE	Move a checker forward or diagonally forward. Win when you can't move on your turn.	
Dodos Riding Dinos	3	Lighter	1	8	4, 6	1.65	20	20	8	7.59	family	FALSE	FALSE	FALSE	FALSE	Race in different tracks using projectiles vs your foes to test your dexterity skills	
Dog Lover	4	Standard	2	4	2	1.77	30	30	10	6.76	family	FALSE	FALSE	FALSE	FALSE	Rescue beloved dogs, train them new tricks, and cherish their unique traits.	
Dominion (Second Edition)	4	Standard	2	4	2–3	2.16	30	30	14	7.83	strategy	FALSE	FALSE	FALSE	FALSE	Acquire cards to grow your kingdom's influence in this classic deck-building game.	
Dominion: Adventures	4	Standard	2	4	2–3	2.73	30	30	14	8.11	strategy	FALSE	FALSE	FALSE	FALSE	Stop in a tavern or go from Page to Champion, as you continue to grow your Dominion.	
Dominion: Intrigue – Update Pack	4	Standard	2	4	3	2.11	30	30	0	8.14	strategy	FALSE	FALSE	FALSE	TRUE		
Dominoes	2	Classic	2	10	4	1.37	30	30	5	5.55	abstracts	TRUE	FALSE	FALSE	FALSE	The timeless family classic of placing matching tiles.	
Don't Break the Ice	3	Lighter	2	4	2	1.13	20	20	3	4.77	childrens	FALSE	FALSE	FALSE	FALSE	Tap, tap, tap your way to victory, or a plastic ice-block crashing defeat?	2 copies
Don't Mess with Cthulhu Deluxe	3	Lighter	4	8	7	1.23	1	30	10	7.37	party	FALSE	FALSE	FALSE	FALSE	A team of Investigators take on a team of Cultists. But who is on which team?	
Doomtown: Reloaded	5	Advanced	2	4	2	3.60	30	30	12	7.11	cgs	FALSE	FALSE	FALSE	FALSE	Players fight for influence and control in a demon-haunted Old West town.	
Dorfromantik: Sakura	3	Lighter	1	6	2	1.67	30	90	10	8.13		FALSE	FALSE	FALSE	FALSE	Create a landscape tile by tile to satisfy the whims of its residents.	
Draftosaurus	3	Lighter	2	5	4	1.25	15	15	8	7.09	family	FALSE	FALSE	FALSE	FALSE	A dinosaur park will always attract tourists – if you can place your species right.	
Dragomino	3	Lighter	2	4	3–4	1.08	15	15	5	7.06	childrens	FALSE	FALSE	FALSE	FALSE	Seek baby dragons by finding eggs while exploring the mysterious island.	
Dragon & Flagon, The	4	Standard	2	8	6	2.41	60	60	10	6.39	thematic,strategy	FALSE	FALSE	FALSE	FALSE	Program your thug the best to win the bar fight. With 3D furniture!	
Dragon Castle	4	Standard	1	4	2	1.99	30	45	8	7.12	abstracts, family	FALSE	FALSE	FALSE	FALSE	Draft Mahjong-like tiles and place them carefully to create the best castle.	
Dragonfire	5	Advanced	2	6	4	3.24	60	90	13	7.06	thematic, strategy	FALSE	FALSE	FALSE	FALSE	Assemble your party, and begin the adventure along the famed Sword Coast.	
Dragonkeepers	4	Standard	2	4	3	1.90	20	20	8	7.12	family	FALSE	FALSE	FALSE	FALSE	Herd dragons and cast magic spells to boost their value.	
Drinking Games for People Who Never Drink Except When They Do	1	Party	2	100		1.00	0	0	17	4.67		FALSE	FALSE	TRUE	FALSE	A collection of 50 drinking games broken into six different categories: active, drinking, improv, team, word and stupid.	
Drinking Quest: Belch of the Wild	1	Party	2	4		0.00	60	120	21	7.61		FALSE	FALSE	TRUE	FALSE	Mash up of card driven RPG and drinking game.	
Drop It	3	Lighter	2	4	2, 4	1.09	30	30	8	6.89	family	FALSE	FALSE	FALSE	FALSE	Drop geometric shapes in your color to score the most physics-defying points.	
Drop Trivia	1	Party	2	99		0.00	15	25	13	6.80		FALSE	FALSE	TRUE	FALSE	You have all the answers, just drop them in the right order.	
Duke, The: Lord's Legacy	7	2-Player	2	2	2	2.00	30	30	13	7.74	abstracts	FALSE	FALSE	FALSE	FALSE	Draw, place, move and flip revised tiles to corner the rival Duke.	
Dumb Ways to Die	3	Lighter	2	5	4	1.20	10	30	12	5.96		FALSE	FALSE	FALSE	FALSE	Keep your Beans alive or at least sabotage your opponents so you survive the longest.	
Dune: House Secrets	6	Co-Op	1	4	2	1.26	90	180	14	5.12		FALSE	TRUE	FALSE	FALSE	As rebels on Arrakis, you must explore the planet to complete missions.	
Dune: Imperium	5	Advanced	1	4	3–4	3.06	60	120	14	8.43	strategy	FALSE	FALSE	FALSE	FALSE	Influence, intrigue, and combat in the universe of Dune.	
Dungeon Degenerates: Hand of Doom	6	Co-Op	1	4	1–2	3.64	30	360	10	8.08	Thematic, Cooperative, Scenarion/Mission/Campaign Game, Exploration	FALSE	TRUE	FALSE	FALSE	The dark & dirty game of swords, sausages & sorcery	
Dungeon Kart	4	Standard	2	8	4–6	2.20	30	60	10	7.63		FALSE	FALSE	FALSE	FALSE	Tabletop Kart Racing from the world of Boss Monster.	
Dungeon Roll	3	Lighter	1	4	2	1.33	15	30	8	6.08	family	FALSE	FALSE	FALSE	FALSE	How deep will you delve to fight monsters, find treasure, and maybe slay a dragon?	
Dungeon!	3	Lighter	1	8	4	1.56	30	30	8	6.00	thematic, family	FALSE	FALSE	FALSE	FALSE	Go exploring for treasure in this dungeon crawl board game.	
Dungeons & Dragons: Dungeon Scrawlers – Heroes of Waterdeep	3	Lighter	2	4	4	1.00	15	15	10	6.47		FALSE	FALSE	FALSE	FALSE		
Dungeons & Dragons: The Yawning Portal	4	Standard	1	4	2	1.94	0	0	12	7.23		FALSE	FALSE	FALSE	FALSE	Serve food and drink to hungry adventurers looking for respite between their quests.	
Dwarves, The: Big Box	1	Party	2	6	3	2.00	60	90	10	7.39	thematic	FALSE	FALSE	TRUE	FALSE	Work together to influence politics, quest and fight to keep away the perished land.	
Earth	5	Advanced	1	5	2–3	2.88	45	90	13	7.67	strategy	FALSE	FALSE	FALSE	FALSE	Strategically grow your ecosystem card engine with unique flora, fauna, and terrains.	
Ecosfera	6	Co-Op	1	4	2, 4	2.50	40	80	8	7.18		FALSE	TRUE	FALSE	FALSE	Restore wild nature before it is too late.	
Ecosystem	3	Lighter	2	4		0.00	20	40	10	7.03		FALSE	FALSE	FALSE	FALSE	Cooperate to clean up Earth.	
Edge of Darkness	5	Advanced	1	4	3	3.43	120	120	14	7.48	strategy	FALSE	FALSE	FALSE	FALSE	Draft and upgrade cards to defend the city from monstrous threats.	
Eldritch Horror	6	Co-Op	1	8	4	3.32	120	240	14	7.75	thematic	FALSE	TRUE	FALSE	FALSE	Investigators trek across the globe to stop the Ancient One apocalypse.	2 copies
Embark	4	Standard	2	5	4	2.17	30	60	14	6.91		FALSE	FALSE	FALSE	FALSE	As new islands appear out of the mist, send your voyagers in search of wealth and adventure! 	
Eminent Domain	4	Standard	2	4	3	2.51	45	45	10	6.98	strategy	FALSE	FALSE	FALSE	FALSE	Survey planets, trade resources, and gain tech as your deck learns and grows.	
Epic Beard Game, The	3	Lighter	3	8	4	1.33	45	75	8	5.28		FALSE	FALSE	FALSE	FALSE	The Epic Beard Game is a classic card game with a shot of bald-faced bluffing and a twist of hirsute humor! 	
Epic Spell Wars of the Battle Wizards: Annihilageddon Deck-Building Game	4	Standard	2	5	3	2.08	60	90	15	6.95		FALSE	FALSE	FALSE	FALSE	Mercilessly attack your foes and kill them over, and over, ah-and over! 	
Eternal: Chronicles of the Throne	4	Standard	2	4	2	2.18	30	45	12	7.32	strategy	FALSE	FALSE	FALSE	FALSE	The Eternal Throne sits empty as scions of the royal family struggle for control. 	
Eureka	3	Lighter	3	6	4–5	1.47	60	60	8	5.90	family	FALSE	FALSE	FALSE	FALSE	Pan for gold or try to rob the prospectors and risk being jailed.	
Evenfall	5	Advanced	1	4	2–3	3.09	60	120	14	7.72	strategy	FALSE	FALSE	FALSE	FALSE	The battle for the Enchanted Throne begins!	
Everdell Farshore	5	Advanced	1	4	2–3	2.92	40	80	10	7.91	family	FALSE	FALSE	FALSE	FALSE	Visit the docks, gather seastones, and prepare for the winds of change!	
Evil Corp.	4	Standard	2	4	2, 4	2.40	45	60	12	6.85		FALSE	FALSE	FALSE	FALSE	Managers confront each other in a terrorizing human villages contest with monsters.	
Evolution: Another World	3	Lighter	1	4	4	1.67	20	30	11	6.41		FALSE	FALSE	FALSE	FALSE	Create creatures and help them evolve in a strange magical world!	
Evolution: Climate	4	Standard	2	6	4	2.73	60	60	12	7.48	strategy	FALSE	FALSE	FALSE	FALSE	Adapt your species in an ecosystem of scarce food, predators, and a dynamic climate!	
Evolution: New World	4	Standard	2	4	3	2.33	30	60	11	7.03		FALSE	FALSE	FALSE	FALSE	Create animals to either evolve or go extinct in an ever-changing environment!	
Ex Libris	4	Standard	1	4	3	2.53	45	45	10	7.12	strategy	FALSE	FALSE	FALSE	FALSE	Alphabetize your magical library while leveraging shifting location power-ups.	
Exploding Kittens	1	Party	2	5	4–5	1.08	15	15	7	6.06	party	FALSE	FALSE	TRUE	FALSE	Ask for favors, attack friends, see the future- whatever it takes to avoid exploding!	
Exploding Minions	1	Party	2	5	4	1.00	15	15	7	6.36	party, family	FALSE	FALSE	TRUE	FALSE	Exploding Minions is a Minions-powered version of Russian Roulette.	
Explorers	4	Standard	1	4	2	1.88	20	20	8	7.15	family	FALSE	FALSE	FALSE	FALSE	Create a path across randomly revealed landscape to collect gems & visit temples.	
Explorers of the North Sea	4	Standard	1	4	4	2.14	45	60	12	7.29	strategy	FALSE	FALSE	FALSE	FALSE	Sail unexplored islands to herd animals, plunder settlements, and claim lands.	
Explosion in the Laboratory	3	Lighter	1	4		1.00	20	20	8	6.69		FALSE	FALSE	FALSE	FALSE	Push your luck to mix chemicals in the laboratory while avoiding explosions!	
Fairy Ring	4	Standard	2	4	3–4	1.83	40	40	8	7.32		FALSE	FALSE	FALSE	FALSE	Assemble a troop of mushrooms that will attract fairies...and score points for you.	
Fallen World: A Fantasy Skirmish Game	7	2-Player	2	2		0.00	0	0	12	0.00		FALSE	FALSE	FALSE	FALSE	Tabletop survival in an inhospitable fantasy world.	
Family Feud: Disney Edition	1	Party	3	99		0.00	0	0	8	7.00		FALSE	FALSE	TRUE	FALSE	Quick! Name the game that will become your new family favorite on game night.	
Faraway	4	Standard	2	6	2–3	1.86	15	30	10	7.60	family	FALSE	FALSE	FALSE	FALSE	Explore a mysterious land and fulfill quests on your way back.	
FateFlip: Washed Ashore	6	Co-Op	1	99	1	1.17	35	35	10	7.48		FALSE	TRUE	FALSE	FALSE	Make the right decisions to survive on a desert island and to leave it.	
Feast for Odin, A	5	Advanced	1	4	3	3.86	30	120	12	8.17	strategy	FALSE	FALSE	FALSE	FALSE	Puzzle together the life of a Viking village as you hunt, farm, craft, and explore.	
Federation	5	Advanced	2	4	4	3.71	60	120	14	7.89	strategy	FALSE	FALSE	FALSE	FALSE	Become the most influential and prestigious delegation of the Federation!	
Finspan	4	Standard	1	5	3	2.33	45	60	10	7.77		FALSE	FALSE	FALSE	FALSE	Dive into the watery depths to find and observe a vast array of aquatic life.	
Fire in the Library	3	Lighter	1	6	3, 5	1.44	15	30	8	6.56		FALSE	FALSE	FALSE	FALSE	Fire! The books are aflame and history is burning before your very eyes!	
First in Flight	4	Standard	1	4	3	2.26	45	75	12	7.51	strategy	FALSE	FALSE	FALSE	FALSE	Push your luck in the race of early aviation.	
FitzIt	1	Party	2	17	4–6	1.33	20	20	12	5.71		FALSE	FALSE	TRUE	FALSE	The party game where fun is all in the description!	
Five Tribes: The Djinns of Naqala	5	Advanced	2	4	2	2.84	40	80	13	7.77	strategy	FALSE	FALSE	FALSE	FALSE	Move assassins, elders & builders through Naqala to claim oases & control djinns.	
Flamecraft	4	Standard	1	5	3	2.18	60	60	10	7.42	strategy, family	FALSE	FALSE	FALSE	FALSE	In a magical realm a village awakes, and artisan dragons make coffee and cakes!	
Flamecraft	4	Standard	1	5	3	2.18	60	60	10	7.42	strategy, family	FALSE	FALSE	FALSE	FALSE	In a magical realm a village awakes, and artisan dragons make coffee and cakes!	
Flash Point	6	Co-Op	1	6	2	2.14	30	30	12	6.90		FALSE	TRUE	FALSE	FALSE	Work together as a team of firefighters to save citizns and put out the fire!	
Flashback: Lucy	3	Lighter	1	4	2	1.00	30	30	7	7.49		FALSE	FALSE	FALSE	FALSE	Solve a dark mystery by switching points of view.	
Flick 'em Up!	3	Lighter	2	10	2, 4	1.33	30	45	7	6.85	thematic, family	FALSE	FALSE	FALSE	FALSE	Show those outlaws who has the fastest flick in the West!	
Fluxx	1	Party	2	6	4	1.39	5	30	8	5.67	party, family	FALSE	FALSE	TRUE	FALSE	Classic Fluxx is simplified in this Target exclusive edition.	
Fog of Love	7	2-Player	2	2	2	2.23	60	120	17	6.65	thematic	FALSE	FALSE	FALSE	FALSE	Two lovers with different personalities and goals try to navigate a relationship.	
Fog, The: Escape from Paradise	4	Standard	1	4	3–4	2.30	45	75	10	7.66		FALSE	FALSE	FALSE	FALSE	An enthralling and immersive race for survival. Can you save your islanders?	
For Sale	3	Lighter	3	6	5	1.25	30	30	10	7.26	family	FALSE	FALSE	FALSE	FALSE	What's your bid? Bid on promising property bundles, then sell properties for checks.	
Forbidden Desert	4	Standard	2	5	4	2.04	45	45	10	7.07	family	FALSE	FALSE	FALSE	FALSE	Race to find parts to an ancient flying machine before you succumb to sand or sun.	
Forbidden Island	3	Lighter	2	4	4	1.73	30	30	10	6.76	family	FALSE	FALSE	FALSE	FALSE	The island is sinking! Will the brave adventurers save the treasures in time?	
Fort	4	Standard	2	4	3	2.45	20	40	10	7.10	strategy	FALSE	FALSE	FALSE	FALSE	Build the most awesome fort while making friends, collecting toys, and eating pizza.	
Fortune and Glory: Revised Edition	10	 										FALSE	FALSE	FALSE	FALSE		
Framework	4	Standard	1	4	2	1.78	30	30	8	7.07	strategy	FALSE	FALSE	FALSE	FALSE	Choose a tile, place it in your area, and complete the tasks.	
From the Moon	5	Advanced	1	4	3	3.40	90	90	14	7.53		FALSE	FALSE	FALSE	FALSE	Craft workers, build bases and save humanity.	
Frozen Shinies: The Emperor Penguin's Nephew	3	Lighter	2	5		0.00	15	15	9	6.99		FALSE	FALSE	FALSE	FALSE	Penguin traders exchange treasures to delight the Emperor Penguin's Nephew.	
Funemployed	1	Party	3	20	5–6	1.16	30	30	13	6.64	party	FALSE	FALSE	TRUE	FALSE	Get the right set of traits to bluff your way through an interview and get the job!	
Fury of Dracula, The	6	Co-Op	2	4	4	2.60	180	180	14	6.92	thematic	FALSE	TRUE	FALSE	FALSE	Dracula is attacking! Or is it a trick while he hides? Track him down to find out.	
FUSE	6	Co-Op	1	5	4	1.65	10	10	10	7.00	family	FALSE	TRUE	FALSE	FALSE	Hurry up! Disarm the bomb by collectively assembling the correct dice combinations.	
Fuzzies, The	1	Party	2	4	3–4	1.00	5	15	6	6.50	party	FALSE	FALSE	TRUE	FALSE	Create impossible towers with little fuzzballs.	
FYFE	4	Standard	2	5	2, 4	2.05	30	45	10	7.01	abstracts	FALSE	FALSE	FALSE	FALSE	Lay your tiles on this South Seas dream cleverly to collect victory points.	
Galaxy Trucker	4	Standard	2	4	4	2.33	60	60	10	7.34	thematic	FALSE	FALSE	FALSE	FALSE	Prepare for unknown dangers by building the best spaceship possible.	
Galileo Project	4	Standard	2	4	2, 4	2.75	40	80	14	7.33	strategy	FALSE	FALSE	FALSE	FALSE	30 years after Ganymede, battle for corporate control over the 4 moons of Jupiter!	
Game of Cat & Mouth, A	7	2-Player	2	2	2	1.00	10	10	7	6.75	party, family	FALSE	FALSE	FALSE	FALSE	Use your magnetic cat's paw to shoot all the balls of one color at the enemy.	
Game of Life, The	3	Lighter	2	6	4	1.17	60	60	8	4.35	childrens, family	FALSE	FALSE	FALSE	FALSE	Travel down life's road with its highs and lows as you try to amass a fortune.	
Game of Thrones, A: The Board Game (Second Edition)	5	Advanced	3	6	6	3.73	120	240	14	7.53	Strategy, Bluffing, political, fantasy	FALSE	FALSE	FALSE	FALSE	Make alliances—and break them!—as you strive to both unite and conquer Westeros.	
Game of Thrones, A: The Board Game (Second Edition) – A Dance with Dragons	5	Advanced	6	6	6	3.37	180	180	14	7.88	Strategy, Negotiation, Influence	FALSE	FALSE	FALSE	TRUE	The great Battles of Westeros now with alternate setup and new house cards. 	
Game of Thrones, A: The Board Game (Second Edition) – A Feast for Crows	5	Advanced	4	4	4	3.40	120	120	14	7.88	Strategy, Negotiation, Influence	FALSE	FALSE	FALSE	TRUE	The great Battles of Westeros now with House Arryn and Objective cards. 	
Ganesha	3	Lighter	2	4	2–3	1.67	20	45	8	5.71		FALSE	FALSE	FALSE	FALSE	Decorate a magical mandala to gain favor of Ganesha.	
Gang, The	3	Lighter	3	6	5	1.65	20	20	10	7.55		FALSE	FALSE	FALSE	FALSE	Bet together the order of your hands in Texas Hold'em Poker to win together.	
Genotype: A Mendelian Genetics Game	4	Standard	1	5	3–4	2.76	45	90	14	7.47	strategy	FALSE	FALSE	FALSE	FALSE	Grab a trowel and breed pea plants on your way to become a master geneticist.	
GIPF	7	2-Player	2	2	2	2.77	30	60	9	7.08	abstracts	FALSE	FALSE	FALSE	FALSE		
Gloom	1	Party	2	5	4	1.63	60	60	13	6.33	thematic	FALSE	FALSE	TRUE	FALSE	Use transparent cards to tell tragic tales of misery and misfortune.	
Goblin Firework Fight	3	Lighter	2	4		0.00	20	30	14	5.41		FALSE	FALSE	FALSE	FALSE	Pillage your way to victory and leave Sandpoint with the most fireworks!	
Godtear: Eternal Glade Starter Set	7	2-Player	2	2	2	3.00	60	120	14	7.50		FALSE	FALSE	FALSE	FALSE	Godtear is a hex based tabletop skirmish board game for two players. There are two starter sets. Eternal Glade includes Nia & Morrigan.	
Gold West	4	Standard	2	4	3	2.47	45	60	13	7.31	strategy	FALSE	FALSE	FALSE	FALSE	The ecstasy of gold lures you to create the most prosperous mining empire.	
Golfing Dead, The	3	Lighter	2	4		1.00	30	0	7	6.48		FALSE	FALSE	FALSE	FALSE	It's the zombie apocalypse, and you didn't make it. :(	
Good Cop Bad Cop	1	Party	4	8	6, 8	1.26	10	20	12	6.55	party	FALSE	FALSE	TRUE	FALSE	Figure out which cops are on your side and work together to take out your opponent..	
Good Omens: An Ineffable Game	6	Co-Op	2	4		1.50	15	30	14	5.55		FALSE	TRUE	FALSE	FALSE	7 different co-op dice and card games based on the confrontations in Good Omens.	
Gosu X	7	2-Player	2	2	2	3.10	20	40	14	7.76	strategy	FALSE	FALSE	FALSE	FALSE	Eight Immortals fight to win the Great Battle in a two-player combo card game.	
Gravwell: Escape from the 9th Dimension	3	Lighter	1	4	3–4	1.72	20	45	10	6.86	family	FALSE	FALSE	FALSE	FALSE	Use gravity—and your opponent’s ships—to escape a black hole before time runs out.	
Great British Baking Show Game, The	3	Lighter	2	4	4	1.25	20	20	10	5.94		FALSE	FALSE	FALSE	FALSE	Race to complete sweet confections that earn a Paul Hollywood handshake.	
Great Dinosaur Rush, The	4	Standard	2	5	4	2.13	60	60	10	7.03	family	FALSE	FALSE	FALSE	FALSE	Dig up dinosaur bones and display their skeletons in a museum to gain prestige.	
Great Split, The	4	Standard	2	7	5–6	1.98	45	45	8	7.03	family	FALSE	FALSE	FALSE	FALSE	Build a collection of riches by trading cards with an I Split, You Choose mechanism!	
Great Western Trail	5	Advanced	2	4	3	3.70	75	150	12	8.18	strategy	FALSE	FALSE	FALSE	FALSE	Use strategic outposts and navigate danger as you herd your cattle to Kansas City.	
Greedy Dragons	4	Standard	2	6	4–5	2.00	15	30	8	6.57		FALSE	FALSE	FALSE	FALSE	It's time to divvy up the dragons' hoard, but no one wants to share! Can you trick your fellow dragons into leaving you with the most treasure?	
Grizzled, The	6	Co-Op	2	5	4–5	1.98	30	30	14	7.13	thematic	FALSE	TRUE	FALSE	FALSE	With paltry resources and limited luck, your group must survive WWI in the trenches.	
Guerilla	7	2-Player	2	2	2	2.33	30	30	12	7.14	abstracts	FALSE	FALSE	FALSE	FALSE	Multi-player card game simulation of a conflict between rebel and government forces.	
Guess Who?: Card Game	7	2-Player	2	2	2	1.00	0	0	5	4.68		FALSE	FALSE	FALSE	FALSE	It's a twist on Guess Who? gameplay with cards! 	2 copies
Guild of Merchant Explorers, The	4	Standard	1	4	2	2.04	45	45	14	7.69	strategy, family	FALSE	FALSE	FALSE	FALSE	Explore strange lands, establish trade routes, and search for treasure.	
Guildhall	4	Standard	2	4	2	2.07	30	45	10	6.88	strategy, family	FALSE	FALSE	FALSE	FALSE	Ignite abilities of historians, dancers, assassins to fill chapters in your guildhall	AEG Black Box
Guillotine	3	Lighter	2	5	4	1.27	30	30	12	6.54	family	FALSE	FALSE	FALSE	FALSE	Manipulate the line to collect the most valuable heads.	
Hadrian's Wall	5	Advanced	1	6	1	3.16	30	60	12	7.93	strategy	FALSE	FALSE	FALSE	FALSE	Compete as one of six Roman Generals in charge of a milecastle along Hadrian's Wall.	
Hanabi	6	Co-Op	2	5	4	1.69	25	25	8	7.04	family	FALSE	TRUE	FALSE	FALSE	Give hints to create sets of fireworks and try to avoid a pyrotechnical disaster.	
Harbour	4	Standard	1	4	2	2.07	30	60	10	6.49	strategy, family	FALSE	FALSE	FALSE	FALSE	Outwit and outsell your competitors in a quick shifting fantasy market.	
Harmonies	10	 										FALSE	FALSE	FALSE	FALSE		
Harvest Hoppers	2	Classic	2	6		2.50	30	60	8	7.63		TRUE	FALSE	FALSE	FALSE	Cute but competitive game of area majority and set collection.	
Hegemony: Lead Your Class to Victory	5	Advanced	2	4	4	4.20	90	180	14	8.45	strategy	FALSE	FALSE	FALSE	FALSE	Simulate a whole contemporary nation in this asymmetric, politico-economic euro-game.	
Helsinki: Deluxe	3	Lighter	2	4		0.00	45	45	10	6.86		FALSE	FALSE	FALSE	FALSE	Build pavilions across Helsinki's most famous square.	
HeroQuest	4	Standard	2	5	5	2.14	90	90	14	7.21	thematic	FALSE	FALSE	FALSE	FALSE	Explore dungeons and complete quests in this RPG-inspired fantasy adventure.	
Hibachi	3	Lighter	2	4	3–4	1.57	45	45	10	7.03	family	FALSE	FALSE	FALSE	FALSE	Become the most successful teppanyaki chef in Hibachi—but be careful how you throw!	
Hickory Dickory	4	Standard	1	4	3	2.61	60	120	10	7.09		FALSE	FALSE	FALSE	FALSE	Mice compete in a royal scavenger hunt inside a cuckoo clock.	
HIT	4	Standard	2	4	3	2.00	0	0	8	6.18		FALSE	FALSE	FALSE	FALSE	Use your cards well to bring your pawns home.	
Hive	7	2-Player	2	2	2	2.32	20	20	9	7.32	abstracts	FALSE	FALSE	FALSE	FALSE	Use your insects to trap your opponent's Queen Bee in this board-less abstract game.	
Hocus Pocus	3	Lighter	2	6		0.00	30	30	12	4.50		FALSE	FALSE	FALSE	FALSE	Players are young wizards who fight over magic gems.	
Home Sweet Home (or Not)	4	Standard	2	5	2	2.00	30	30	8	5.40		FALSE	FALSE	FALSE	FALSE	counting how many windows there are and place the corresponding roof card on the top	
Homebrewers	4	Standard	2	5	4	2.44	45	60	14	7.11		FALSE	FALSE	FALSE	FALSE	Earn the most prestige by brewing delicious home made beers.	
Honey Buzz	4	Standard	1	4	3	2.73	45	90	10	7.55	strategy, family	FALSE	FALSE	FALSE	FALSE	Bees have discovered economics! Make and sell honey to get money and win!	
Hooky	4	Standard	3	5	4–5	2.46	45	60	14	7.43	strategy	FALSE	FALSE	FALSE	FALSE	Can you figure out which students are playing hooky?	
Horrified	4	Standard	1	5	3	2.02	60	60	10	7.63	thematic, family	FALSE	FALSE	FALSE	FALSE	Classic movie monsters terrorize a town! Can your team stop them in time?	
Horrified: American Monsters	4	Standard	1	5	2–3	2.19	60	60	10	7.48	strategy	FALSE	FALSE	FALSE	FALSE	Monsters from American folklore terrorize the nation. Can your team stop them?	
Hot Seat	1	Party	3	99	6–9	1.00	30	60	10	5.69		FALSE	FALSE	TRUE	FALSE	Find out how much you know about your friends in this truth-seducing party game.	
Hues and Cues	1	Party	3	10	6–8	1.09	30	30	8	6.55	party, family	FALSE	FALSE	TRUE	FALSE	How well can you describe a color hue without using a primary color's name?!	
I'm A Poet (and yes I know it)	3	Lighter	3	8		0.00	10	30	10	4.00		FALSE	FALSE	FALSE	FALSE	Players use a quick wit to snatch Shakespeare and recite the rhyme.	
Iberian Gauge	4	Standard	3	5	5	2.47	60	90	12	7.29	strategy	FALSE	FALSE	FALSE	FALSE	Invest in train companies and expand — or watch your fortunes fall.	
ICECOOL	3	Lighter	2	4	4	1.06	30	30	6	6.79	childrens,family	FALSE	FALSE	FALSE	FALSE	Flick high school penguins to catch fish without getting caught by the hall monitor.	
Ierusalem: Anno Domini	5	Advanced	1	4	4	3.10	90	90	12	7.60	strategy	FALSE	FALSE	FALSE	FALSE	Manage resources and gain influence to sit near Jesus at the Last Supper.	
IKI	5	Advanced	2	4	4	3.05	60	90	14	7.63	strategy	FALSE	FALSE	FALSE	FALSE	Hire artisans, set them up in the market and acquire prestige in feudal Japan.	
Imhotep	4	Standard	2	4	4	2.01	40	40	10	7.14	family	FALSE	FALSE	FALSE	FALSE	Gather, ship, and lay stones to build the most magnificent monuments in Egypt.	
Imhotep: The Duel	7	2-Player	2	2	2	1.97	30	30	10	7.06	strategy, family	FALSE	FALSE	FALSE	FALSE	Unload building materials from ships, but your opponent’s plans might mess up yours.	
In the Footsteps of Marie Curie	4	Standard	2	4	2, 4	2.00	20	30	10	6.82		FALSE	FALSE	FALSE	FALSE	Help the famous scientist win her double Nobel Prize in this family game.	
In the Palm of Your Hand	3	Lighter	2	8	4	1.00	20	30	10	6.78		FALSE	FALSE	FALSE	FALSE	When imagination meets the sense of touch.	
Inis	5	Advanced	2	4	4	2.95	60	90	14	7.83	strategy	FALSE	FALSE	FALSE	FALSE	Claim the crown through merit and wisdom in this Celtic island struggle.	
Initiative, The	4	Standard	1	4	4	2.02	30	60	8	7.55	thematic, family	FALSE	FALSE	FALSE	FALSE	Unravel the secret of The Key, a game within a game set in the year 1994.	
Innovation	4	Standard	2	4	2	2.77	45	60	12	7.30	strategy	FALSE	FALSE	FALSE	FALSE	Guide your civilization with inventions from the stone age through to the modern era.	
Intarsia	4	Standard	2	4	2	2.00	40	60	10	7.11		FALSE	FALSE	FALSE	FALSE	Assemble a valuable parquet floor with beautiful wooden ornaments.	
Invasion from Outer Space: The Martian Game	4	Standard	2	6	5	2.79	60	120	12	7.07	thematic	FALSE	FALSE	FALSE	FALSE	A Martian horror board game!	
Inventors of the South Tigris	5	Advanced	1	4	3	4.34	90	120	12	7.93		FALSE	FALSE	FALSE	FALSE	Invent, build, test, and publish your ingenious devices.	
Invincible: The Hero-Building Game	4	Standard	1	4	3–4	2.63	45	90	14	8.03		FALSE	FALSE	FALSE	FALSE	Build superheroes together in the Invincible universe.	
Ion: A Compound Building Game	3	Lighter	2	7	4	1.35	20	40	8	6.34	family	FALSE	FALSE	FALSE	FALSE	A card drafting game where players select from a number of available Ion Cards and Noble Gas cards with the goal of creating sets of compounds and inert noble gases.	
Isle of Skye: From Chieftan to King	4	Standard	2	5	3–4	2.26	30	50	8	7.40	strategy, family	FALSE	FALSE	FALSE	FALSE		
Islebound: Emerald Edition	4	Standard	2	4		2.00	90	90	13	7.89		FALSE	FALSE	FALSE	FALSE	Conquer or ally, Collect Treasure, Build your city!	
Istanbul	4	Standard	2	5	4	2.58	40	60	10	7.54	strategy, family	FALSE	FALSE	FALSE	FALSE	Send your assistants through the shops of Istanbul as you race to acquire rubies.	
Istanbul: Choose & Write	4	Standard	1	5	2	1.80	30	45	8	6.51		FALSE	FALSE	FALSE	FALSE	Once again you're on a quest for rubies at Istanbul's bazaar.	
It's a Wonderful Kingdom	7	2-Player	1	2	2	2.60	45	45	14	7.17	strategy	FALSE	FALSE	FALSE	FALSE	Build up your kingdom by getting your hands on the best cards.	
It's a Wonderful World	4	Standard	1	5	4	2.32	45	45	14	7.66	strategy	FALSE	FALSE	FALSE	FALSE	Draft yourself the ‘perfect’ dystopia, complete projects and churn out resources.	
Jaipur	7	2-Player	2	2	2	1.46	30	30	10	7.49	family	FALSE	FALSE	FALSE	FALSE	Trade and sell goods to become the most wealthy merchant in this short game for two.	
Jekyll vs. Hyde	7	2-Player	2	2	2	1.86	30	30	8	7.22	family	FALSE	FALSE	FALSE	FALSE	Will you maintain balance or give in to darkness in the battle of Hyde and Jekyll?	
Jenga	2	Classic	1	8	4	1.11	20	20	6	5.65	party	TRUE	FALSE	TRUE	FALSE	How high can you go before your tower comes crashing down!?	
John Company: Second Edition	5	Advanced	1	6	4–5	4.44	90	240	13	8.29	thematic, strategy	FALSE	FALSE	FALSE	FALSE	Promise and cajole your way to the top whilst running the East India Company.	
Joking Hazard	1	Party	3	10	5	1.02	30	90	18	6.25	party	FALSE	FALSE	TRUE	FALSE	Now YOU can create a hilarious dirty three-panel comic with your friends!	
Juicy Fruits	4	Standard	1	4	3	2.02	20	50	8	7.02	family	FALSE	FALSE	FALSE	FALSE	Collect fruits and put them to clever use to end up with the most attractive island.	
Jump Drive	4	Standard	2	4	3	2.00	10	30	13	7.01	strategy, family	FALSE	FALSE	FALSE	FALSE	Race to build the best space empire of alien worlds and new technologies.	
Jumping Balls Game	1	Party							6			FALSE	FALSE	TRUE	FALSE		
Just Desserts	3	Lighter	2	5	3	1.33	25	25	8	5.81	family	FALSE	FALSE	FALSE	FALSE	Waiters and waitresses compete to serve up the tastiest desserts to their guests.	
Just Desserts: Just Coffee	3	Lighter	2	5	4	1.50	20	30	8	6.23		FALSE	FALSE	FALSE	TRUE	Just Coffee adds six new edibles to the Just Desserts base game.	w/ just desserts
Katamino Tower	7	2-Player	1	2	1	2.00	0	0	0	6.65		FALSE	FALSE	FALSE	FALSE	Classic Katamino, now in 3D!	
King of Tokyo	3	Lighter	2	6	4–5	1.49	30	30	8	7.13	family	FALSE	FALSE	FALSE	FALSE	Prove your dominance by destroying Tokyo or by being the last monster left standing.	
King of Tokyo/New York: Monster Pack – Cthulhu	4	Standard	2	6	3–4, 6	1.75	30	0	8	7.45		FALSE	FALSE	FALSE	FALSE		
King of Tokyo: Duel	7	2-Player	2	2	2	2.19	20	20	8	7.31	family	FALSE	FALSE	FALSE	FALSE	Monsters go head-to-head in Tokyo to prove their ferocity and media skills.	
Kingdom Builder	4	Standard	2	4	4	2.06	45	45	8	6.94	strategy, family	FALSE	FALSE	FALSE	FALSE	Build across varied terrains to establish the best kingdom for your people.	
Kingdom Legacy: Feudal Kingdom	6	Co-Op	1	1	1	2.15	360	480	14	8.56	thematic, strategy	FALSE	TRUE	FALSE	FALSE	A six hour solo campaign for adventurous, strategic minds.	
Kingdom Rush: Rift in Time	5	Advanced	1	4	1–2	2.99	45	90	10	7.34	strategy	FALSE	FALSE	FALSE	FALSE	Defend the kingdom by arranging damage tiles on grids of attacking hordes.	
Kingdomino	3	Lighter	2	4	2, 4	1.23	15	25	8	7.30	family	FALSE	FALSE	FALSE	FALSE	Build a kingdom with varied terrains on domino-shaped tiles in this fast family game.	
Kingdomino Duel	7	2-Player	2	2	2	1.53	20	20	8	6.71	family	FALSE	FALSE	FALSE	FALSE	Build a kingdom with varied terrains by drafting dice in this fast family duel game.	
Kingdomino Origins	4	Standard	2	4	2, 4	1.90	20	40	8	7.49	family	FALSE	FALSE	FALSE	FALSE	Go back in time to the prehistoric era of  Kingdomino!	
Kingdoms of the Deep	4	Standard	1	6	3–4	2.00	45	60	10	6.61		FALSE	FALSE	FALSE	FALSE	Deploy your aquatic forces to take control of the ocean kingdoms!	
Kitchen Rush (Revised Edition)	4	Standard	2	4	4	2.12	20	60	8	7.46	thematic, family	FALSE	FALSE	FALSE	FALSE	Juggle orders, prepare dishes, and stock the pantry to satisfy your hungry customers.	
Kites	3	Lighter	2	6	4–6	1.05	10	10	10	6.95	party, family	FALSE	FALSE	FALSE	FALSE	Keep the kites in the air by playing your cards just right.	
Kittin	3	Lighter	2	8	4	1.00	3	15	6	6.18		FALSE	FALSE	FALSE	FALSE	Stack polyomino-shaped cats as quick as you can!	
Koryŏ	4	Standard	2	4	3	1.87	10	20	13	6.59	strategy	FALSE	FALSE	FALSE	FALSE	Spread your influence by gaining control of families with unique powers.	
Kronologic: Paris 1920	4	Standard	1	4	1, 3	2.27	30	30	10	7.48		FALSE	FALSE	FALSE	FALSE	Be the first to crack the case by interrogating suspects and deducing the culprit.	
Lacrimosa	5	Advanced	1	4	3	3.16	90	90	14	7.68	strategy	FALSE	FALSE	FALSE	FALSE	Participate in the completion of Wolfgang Amadeus Mozart's last piece: the Requiem.	
Ladies & Gentlemen	1	Party	4	10	6, 8	2.09	30	30	14	6.46	thematic,party	FALSE	FALSE	TRUE	FALSE	Pull together the best-looking and most famous couple who will attend the big ball.	
Lagoon: Land of Druids	4	Standard	1	4	2	2.73	60	60	14	6.20	strategy	FALSE	FALSE	FALSE	FALSE	Lead a circle of druids to shape the fantastical world of Lagoon by harnessing the power of its magical lands to bend destiny.	
Landmarks	3	Lighter	2	10	2, 4	1.44	0	20	8	7.04		FALSE	FALSE	FALSE	FALSE	You have the map but your party is lost! Lead them to treasure with one-word clues.	
Last Garden, The	4	Standard	2	4	3	2.33	30	45	13	6.89		FALSE	FALSE	FALSE	FALSE	One woman is all that remains of the human race, and she is known only by her title: The Queen.	
Last Night on Earth: Growing Hunger	6	Co-Op	2	6	5	2.60	60	90	12	7.60	thematic	FALSE	TRUE	FALSE	FALSE	Introduces new game mechanics and exciting new Scenarios to challenge players.	
Last Night on Earth: The Zombie Game	6	Co-Op	2	6	5	2.30	60	90	12	6.90	thematic	FALSE	TRUE	FALSE	FALSE	A handful of survivors aim to survive the night against the zombie horde.	
Leaf	4	Standard	1	4	3	2.09	30	45	8	7.46	family	FALSE	FALSE	FALSE	FALSE	Players embody the spirit of the wind and guide the leaves to the forest floor!	
League of the Lexicon	3	Lighter	2	6	3	1.00	30	90	10	7.42		FALSE	FALSE	FALSE	FALSE	Adventuring lexicographers battle to be crowned the ultimate wordsmith.	
League of the Lexicon: Junior Edition	3	Lighter	2	6		0.00	30	90	8	0.00		FALSE	FALSE	FALSE	FALSE	500 more questions geared towards a younger audience.	
Leanin' Tower of Pizza!	1	Party	1	4		0.00	5	15	4	8.00		FALSE	FALSE	TRUE	FALSE	Precisely position pizzas in a precarious pillar!	
Legacy of Dragonholt	6	Co-Op	1	6	1	1.25	60	999	14	7.20	rpgitem, thematic	FALSE	TRUE	FALSE	FALSE	Choose your path as you progress through a fantasy RPG style adventure.	
Legend of the Five Rings: The Card Game	7	2-Player	2	2	2	4.00	45	90	14	7.35	cgs	FALSE	FALSE	FALSE	FALSE	Bring honor and glory to your clan by engaging in military and political conflicts.	
Legendary Encounters: A Firefly Deck Building Game	4	Standard	1	5	3	2.57	45	90	14	7.09	thematic	FALSE	FALSE	FALSE	FALSE	Assemble the galaxy's most lovable rogues to steal goods and escape the inevitable!	
Legends of Andor	4	Standard	2	4	4	2.76	60	90	10	7.10	thematic	FALSE	FALSE	FALSE	FALSE	A group of heroes carefully executes the defense of a besieged kingdom.	
Let's Go! To Japan	4	Standard	1	4	3	2.11	45	60	10	7.78	strategy, family	FALSE	FALSE	FALSE	FALSE	Create a travel itinerary and go on your dream vacation to Japan.	
Letters from Whitechapel	6	Co-Op	2	6	2	2.65	90	90	14	7.34	thematic,strategy	FALSE	TRUE	FALSE	FALSE	Slip away as Jack the Ripper or track his hidden movement as a team of investigators.	
Lewis & Clark: The Expedition	5	Advanced	1	5	3	3.32	120	120	14	7.44	strategy	FALSE	FALSE	FALSE	FALSE	Explorers race from Missouri to Oregon, asking local Native American tribes for help.	
Libertalia	4	Standard	2	6	4	2.24	40	60	14	7.12	strategy	FALSE	FALSE	FALSE	FALSE	Scurvy pirate crews try to divide loot for glory and riches.	
Lifeboat	1	Party	4	6	6	1.74	60	60	13	6.30	party	FALSE	FALSE	TRUE	FALSE	Supplies are tight on the lifeboat. Protect your love and take out your rival.	
Light in the Mist, the	5	Advanced	1	4	2	2.94	300	500	14	8.12		FALSE	FALSE	FALSE	FALSE	A tarot deck leads you on a puzzling journey to find a missing friend.	
Link City	2	Classic	2	6	3–4	1.20	30	30	8	7.26	party	TRUE	FALSE	FALSE	FALSE	The best city is the city you build together.	
Literary Charades	1	Party	2	100	6,8	1.00	30	120	6		party	FALSE	FALSE	TRUE	FALSE		
Living Forest	4	Standard	1	4	3	2.21	40	40	10	7.26	family	FALSE	FALSE	FALSE	FALSE	Use the powers of your animal guardians to protect the living forest.	
Llamas Unleashed	1	Party	2	8	4–5	1.58	30	45	14	6.14	party	FALSE	FALSE	TRUE	FALSE	Get 7 animals into your field before your opponents.	
Loonacy	1	Party	2	5	4–5	1.08	5	10	8	6.26	family	FALSE	FALSE	TRUE	FALSE	Play your domino-style cards as fast as you can on shared piles.	
Looot	4	Standard	2	4	2–3	2.07	35	35	10	7.09	family	FALSE	FALSE	FALSE	FALSE	Gather resources and capture buildings to develop your fjord.	
Lord of the Rings Adventure Book Game, The	6	Co-Op	1	4	2	2.10	20	160	10	7.18	thematic	FALSE	TRUE	FALSE	FALSE	Make your way through The Lord of the Rings saga — one game at a time.	
Lord of the Rings, The: Duel for Middle-earth	7	2-Player	2	2	2	2.03	30	45	10	8.49	strategy	FALSE	FALSE	FALSE	FALSE	Play as the Fellowship or Sauron and attempt to determine the fate of Middle-earth.	
Lord of the Rings, The: The Card Game	7	2-Player	1	2	2	3.21	30	60	13	7.66	cgs	FALSE	FALSE	FALSE	FALSE	Tiny hobbits set course for Mount Doom. Will they save Middle Earth from Sauron?	
Lords of Waterdeep	4	Standard	2	5	3–4	2.45	60	120	12	7.73	strategy	FALSE	FALSE	FALSE	FALSE	Deploy agents and hire adventurers to expand your control over the city of Waterdeep.	
Lost Cities: Expedition 6 – The Lost Expedition	7	2-Player	2	2	2	1.33	30	30	10	7.17	family	FALSE	FALSE	FALSE	FALSE		
Lost Ruins of Arnak	5	Advanced	1	4	3	2.92	30	120	12	8.07	strategy	FALSE	FALSE	FALSE	FALSE	Explore an island to find resources and discover the lost ruins of Arnak.	
Lotus	6	Co-Op	2	4	3	1.46	30	30	8	6.67	family	FALSE	TRUE	FALSE	FALSE	Bid with petal cards for mystical blooms.	
Love Letter	1	Party	2	6	4	1.12	20	20	10	7.52	party,family	FALSE	FALSE	TRUE	FALSE	Help sneakily maneuver your love letter to the Princess—or to those closest to her.	
Lucha Wars	4	Standard	2	8	2	2.00	15	45	8	6.76		FALSE	FALSE	FALSE	FALSE	Dice chucking wrestling fun, with dexterity rolls, combos and more	
Lumicora	4	Standard	2	4	3	2.00	40	60	10	6.67		FALSE	FALSE	FALSE	FALSE	Save the beautiful habitat and construct a luminescent coral reef.	
Machi Koro	3	Lighter	2	4	4	1.52	30	30	10	6.60	family	FALSE	FALSE	FALSE	FALSE	As a newly elected mayor, develop a city and populate it with impressive landmarks.	
Machi Koro: Bright Lights, Big City	4	Standard	2	5	3–4	1.86	30	30	10	6.64	family	FALSE	FALSE	FALSE	FALSE	As mayor, create a unique city tableau to bend dice rolls in your favor.	
Mafia de Cuba	1	Party	6	12	8–10	1.47	10	20	10	6.52	party	FALSE	FALSE	TRUE	FALSE	Catch diamond thieves or steal from the mob boss in this social deduction game.	
Mage Knight Board Game	5	Advanced	1	4	1–2	4.37	60	240	14	8.08	thematic, strategy	FALSE	FALSE	FALSE	FALSE	Build your hero’s spells, abilities, and artifacts as you explore & conquer cities.	
Mage Wars Arena	7	2-Player	2	2	2	3.68	90	90	13	7.58	cgs	FALSE	FALSE	FALSE	FALSE	Fight to the death as a powerful mage in this game of deep strategy and decisions!	
Magic Maze	4	Standard	1	8	4	1.75	15	15	8	6.95	party,family	FALSE	FALSE	FALSE	FALSE	Silently cooperate to rob a labyrinthine shopping mall before time runs out.	
Maglev Metro	5	Advanced	1	4	3	2.80	60	90	14	7.22	strategy	FALSE	FALSE	FALSE	FALSE	Efficiency is the key to rebuilding the city transit with maglev tech.	
Maki Master	3	Lighter	1	4	2	1.63	30	60	8	7.33		FALSE	FALSE	FALSE	FALSE	Become a master sushi chef and complete your recipes with style!	
Mancala	2	Classic	2	2	2	1.60	10	10	5	5.99	abstracts	TRUE	FALSE	FALSE	FALSE	Move your seeds strategically to capture your opponents' seeds.	
Mansions of Madness	6	Co-Op	2	5	5	3.25	120	180	13	7.26	thematic	FALSE	TRUE	FALSE	FALSE	Spectral horrors and monstrosities await! Will you defeat them, or be driven mad?	
Market of Alturien	4	Standard	2	6	5–6	1.88	60	60	10	5.42	strategy, family	FALSE	FALSE	FALSE	FALSE	Fight for influence and power in the medieval marketplace of Alturien.	
Mars Needs Mechanics	4	Standard	2	4	3	1.94	45	45	10	5.75	strategy	FALSE	FALSE	FALSE	FALSE	Engineers and tinkerers from all over the Empirehave come to compete for the opportunity to go to Mars.	
Marvel Champions: The Card Game	5	Advanced	1	4	1–2	2.94	45	90	14	8.12	cgs	FALSE	FALSE	FALSE	FALSE	Battle Marvel villains with unique teams of iconic heroes in this LCG.	
Marvel Villainous: Infinite Power	4	Standard	2	4	3–4	2.71	40	80	12	6.75	strategy	FALSE	FALSE	FALSE	FALSE	Claim Infinite Power as one of many Marvel Villains in the next chapter of Villainous	
Marvel Villainous: Infinite Power	4	Standard	2	4	3–4	2.71	40	80	12	6.75	strategy	FALSE	FALSE	FALSE	FALSE	Claim Infinite Power as one of many Marvel Villains in the next chapter of Villainous	
Master of Orion: Conquest	7	2-Player	2	2	2	2.67	30	45	13	4.83		FALSE	FALSE	FALSE	FALSE	Play as one of two species in the galaxy in this a two-player dueling deckbuilder.	
Master of Orion: The Board Game	4	Standard	2	4	3	2.43	40	60	12	6.92	strategy	FALSE	FALSE	FALSE	FALSE	Develop your race, conquer new systems and lead your civilization to prosperity.	
Maximum Throwdown: Overload	3	Lighter	2	6		1.50	30	30	0	4.70		FALSE	FALSE	FALSE	FALSE		AEG Black Box
Meadow	4	Standard	1	4	2	2.25	60	90	10	7.73	strategy, family	FALSE	FALSE	FALSE	FALSE	Start your journey into nature and collect cards to become a true nature observer.	
Medium	1	Party	2	8	4	1.07	30	45	14	6.88	party	FALSE	FALSE	TRUE	FALSE	Mind meld with a partner to find the word that connects two played word cards.	
MESOS	4	Standard	2	5	4	2.00	20	50	10	7.22		FALSE	FALSE	FALSE	FALSE	Take the role of a Mesolithic leader and guide your tribe to victory.	
Mice and Mystics	4	Standard	1	4	4	2.73	60	90	7	7.22	thematic	FALSE	FALSE	FALSE	FALSE	After being turned into mice, a prince and his allies experience giant-sized stories.	
MicroMacro: Crime City	3	Lighter	1	4	2	1.10	15	45	12	7.49	family	FALSE	FALSE	FALSE	FALSE	Find the small traces to solve the big cases.	
MicroMacro: Crime City – Showdown	3	Lighter	1	4	2	1.00	15	45	12	7.93	thematic, family	FALSE	FALSE	FALSE	FALSE	Numerous new crimes in the city.	
Middle Ages	4	Standard	2	5	3–4	2.07	30	30	10	7.19	family	FALSE	FALSE	FALSE	FALSE	Develop your fiefdom tile by tile to become the wealthiest noble of the kingdom!!	
Milkman	4	Standard	2	4	2, 4	2.00	30	60	10	7.38		FALSE	FALSE	FALSE	FALSE	Use dice to process and deliver milk to thirsty customers in 1950s America.	
Mille Bornes	2	Classic	2	6	4	1.25	45	45	8	5.71	family	TRUE	FALSE	TRUE	FALSE	A race to the finish line while slowing others with wrecks, flats and out-of-gas.	
Mille Fiori	4	Standard	2	4	4	2.19	60	90	10	7.43	strategy, family	FALSE	FALSE	FALSE	FALSE	Claim your share of workshops, trade shops, and patrons to score.	
Million Dollars But... The Game	1	Party	2	6	4, 6	1.25	30	30	17	5.36		FALSE	FALSE	TRUE	FALSE	Put your morals and imagination to the test; What would you do for a million dollars?	
Million Dollars But... The Game: Expansion Pack 1	1	Party	3	10		1.00	30	45	17	5.39		FALSE	FALSE	TRUE	FALSE	Put your morals and imagination to the test; What would you do for a million dollars?	
Mind MGMT: The Psychic Espionage “Game.”	6	Co-Op	1	5	2–3	2.92	60	60	13	7.90	strategy	FALSE	TRUE	FALSE	FALSE	Psychic rogue agents team up to track down the Recruiter in Zanzibar.	
Mind Space	4	Standard	1	5	2	1.89	30	30	11	7.25		FALSE	FALSE	FALSE	FALSE	Fill your brain with colorful emotions to achieve serenity!	
Mind the Gap	1	Party	2	99	4, 6	1.00	10	60	10	5.71		FALSE	FALSE	TRUE	FALSE	A trivia game for multiple generations.	
Mind, The	1	Party	2	4	4	1.08	20	20	8	6.75	party,family	FALSE	FALSE	TRUE	FALSE	Play your cards in ascending order without communicating. Timing is key!	
Mindbug: First Contact	7	2-Player	2	2	2	1.95	15	25	8	7.67	strategy, family	FALSE	FALSE	FALSE	FALSE	Serve the Mindbug, summon hybrids, and mind-control your opponent's best cards.	
Minecraft: Builders & Biomes	4	Standard	2	4	3	2.01	30	60	10	6.92	family	FALSE	FALSE	FALSE	FALSE	Collect rare blocks and build spectacular structures, but beware of dangerous mobs!	
Miyabi	4	Standard	2	4	2–3	2.04	45	45	8	7.44	abstracts, family	FALSE	FALSE	FALSE	FALSE	Design a multilevel garden and vie to collect the most of each landscaping element.	
Moa	4	Standard	2	5	4	2.62	45	60	10	6.35	strategy	FALSE	FALSE	FALSE	FALSE	Lead your bird tribe to compete for control while resisting invading mammals.	
Monikers	3	Lighter	4	16	6, 8, 10	1.10	30	60	17	7.78	party	FALSE	FALSE	FALSE	FALSE	This curated version of a classic game is guaranteed to create laughs!	
Monopoly	2	Classic	2	8	4	1.62	60	180	8	4.36	family	TRUE	FALSE	FALSE	FALSE	In this competitive real estate market, there's only one possible outcome: Monopoly!	
Monopoly Knockout	3	Lighter	2	8	4	1.67	20	40	8	7.07		FALSE	FALSE	FALSE	FALSE	Slide your tokens on the Monopoly game board to collect cash and avoid jail.	
Monopoly: The Card Game	3	Lighter	2	6	4	1.46	30	30	8	5.56	family	FALSE	FALSE	FALSE	FALSE	Be the quickest to form a set in this Monopoly-themed, Rummy-like card game.	
Monster Chase	3	Lighter	1	6	3	1.02	10	10	4	6.31	childrens	FALSE	FALSE	FALSE	FALSE	Ever wanted to experience Monsters Inc.? This is as close as you get.	
Mountains of Madness	6	Co-Op	3	5	4–5	2.07	60	90	12	6.50	party	FALSE	TRUE	FALSE	FALSE	Work together to reach the Lovecraftian peak, while dodging insanity cards.	
Munchkin	1	Party	3	6	4	1.81	60	120	10	5.87	thematic, party	FALSE	FALSE	TRUE	FALSE	Attack and loot in this humorous, card-based dungeon crawler.	
Munchkin Apocalypse	1	Party	3	6	4–5	2.09	90	90	10	6.42	party	FALSE	FALSE	TRUE	FALSE	A core set in the Munchkin series with an end of the world theme.	
Munchkin Deluxe	1	Party	3	6	4	1.81	60	120	10	5.87	thematic, party	FALSE	FALSE	TRUE	FALSE	Attack and loot in this humorous, card-based dungeon crawler.	
Mushroom Cats!	10	 										FALSE	FALSE	FALSE	FALSE		
My City	4	Standard	2	4	4	1.97	30	30	10	7.62	strategy, family	FALSE	FALSE	FALSE	FALSE	Develop your city through the ages in this family-friendly legacy experience.	
My Farm Shop	4	Standard	2	4	2	2.00	45	45	8	6.98	family	FALSE	FALSE	FALSE	FALSE	Update and upgrade your farm to sell the most goods for the win!	
My First Adventure: Finding the Dragon	3	Lighter	1	5	1–2	1.00	10	20	3	7.64		FALSE	FALSE	FALSE	FALSE	Today, you're setting off on an incredible adventure. Today, you're going to roam the world to find and adopt a dragon...	
My First Castle Panic	3	Lighter	1	4	3	1.13	20	20	4	6.40	childrens	FALSE	FALSE	FALSE	FALSE	Protect the castle and its wall from the onslaught of cute monsters.	
My Island	4	Standard	2	4	2	2.11	30	30	10	7.41	strategy	FALSE	FALSE	FALSE	FALSE	Develop your island through the ages in this family-friendly legacy experience.	
My Lil' Everdell	4	Standard	1	4	2	1.85	30	60	6	7.56	childrens, family	FALSE	FALSE	FALSE	FALSE	Place friends to gather goodies, build your fort and win the parades.	
My Little Pony: Adventures in Equestria Deck-Building Game	6	Co-Op	1	4	1	2.25	45	90	14	7.25		FALSE	TRUE	FALSE	FALSE	A co-operative My Little Pony adventure!	
My Shelfie	3	Lighter	2	4	2	1.44	30	30	8	6.57	family	FALSE	FALSE	FALSE	FALSE	Fill your shelves in a winning way!	
Mycelia	1	Party	1	4	3	2.59	40	90	10	7.41		FALSE	FALSE	TRUE	FALSE	Creation, expansion, death & rebirth - Build your own Fungi Kingdom.	
Mycelia	4	Standard	1	4	3	2.59	40	90	10	7.41		FALSE	FALSE	FALSE	FALSE	Creation, expansion, death & rebirth - Build your own Fungi Kingdom.	
Mysterium	6	Co-Op	2	7	5–6	1.89	42	42	10	7.21	thematic, family	FALSE	TRUE	FALSE	FALSE	Become a psychic and divine spectral visions to solve the murder of a restless ghost.	
Mysterium Kids: Captain Echo's Treasure	3	Lighter	2	6	3	1.20	21	21	6	6.72	childrens	FALSE	FALSE	FALSE	FALSE	Help the ghost to find his treasure using communication through sound.	
Mysterium Park	6	Co-Op	2	6	4	1.44	30	45	10	7.04	thematic, family	FALSE	TRUE	FALSE	FALSE	It's cotton candy, circus, dark secrets - a psychic investigation at Mysterium Park!	
Mystic Vale	4	Standard	2	4	2	2.25	45	45	14	7.25	strategy	FALSE	FALSE	FALSE	FALSE	Restore growth and harmony to the cursed Valley of Life through card crafting.	
Naruto: Ninja Arena	3	Lighter	2	4	2–4	1.33	15	30	10	6.03		FALSE	FALSE	FALSE	FALSE	A frenzied dice battle based on the Naruto series and using the Roll & Clash system.	
Nautilus Island	6	Co-Op	2	4	4	1.25	20	30	8	6.57		FALSE	TRUE	FALSE	FALSE	You are shipwrecked escaping a mysterious and deserted volcanic island.	
Near and Far	5	Advanced	2	4	3	2.89	90	120	13	7.67	thematic	FALSE	FALSE	FALSE	FALSE	Explore the lands to discover the Last Ruin and become the most storied traveller.	
Nekojima	3	Lighter	1	5	3	1.04	15	30	7	7.32		FALSE	FALSE	FALSE	FALSE	Build with dexterity the power poles network in the four districts of Nekojima.	
Nekojima	3	Lighter	1	5	3	1.04	15	30	7	7.32		FALSE	FALSE	FALSE	FALSE	Build with dexterity the power poles network in the four districts of Nekojima.	
Nemo's War (Second Edition)	5	Advanced	1	4	1	3.28	60	120	13	7.82	thematic	FALSE	FALSE	FALSE	FALSE	Sail the Seven Seas as the hardened captain Nemo, fighting the Imperialist powers.	
Nestlings	4	Standard	1	4	4	2.33	30	60	10	7.16		FALSE	FALSE	FALSE	FALSE	Compete for priority in a thriving ecosystem in order to best serve your nestlings.	
New Angeles	5	Advanced	4	6	6	3.22	120	240	14	7.05	strategy	FALSE	FALSE	FALSE	FALSE	Play as corporations profiteering off crises, while negotiating to not lose it all.	
New York Zoo	3	Lighter	1	5	3	1.95	30	60	10	7.04	family	FALSE	FALSE	FALSE	FALSE	Build animal enclosures, introduce new animals to your zoo, and breed offspring.	
Next Station: Paris	3	Lighter	1	4	2	1.64	25	30	8	7.33		FALSE	FALSE	FALSE	FALSE	Create your own version of the Paris Métro.	
Next Station: Tokyo	4	Standard	1	4	2	1.76	25	30	8	7.14	family	FALSE	FALSE	FALSE	FALSE	Draw tube lines to connect Tokyo.	
Nexum Galaxy	4	Standard	1	4	4	2.36	25	55	12	7.77	strategy	FALSE	FALSE	FALSE	FALSE	Live a space adventure fighting, exploiting and expanding to get the Nexum Relics.	
Nexus Ops	4	Standard	2	4	4	2.23	90	90	12	7.21	war, thematic	FALSE	FALSE	FALSE	FALSE	Mining corporations fight for territory on a planet crawling with hostile aliens.	
Nidavellir	4	Standard	2	5	3	2.11	45	45	10	7.59	strategy, family	FALSE	FALSE	FALSE	FALSE	Assemble and prepare a formidable crew of dwarfs to fight the mighty Fafnir!	
Nocturne	4	Standard	1	4	2	2.20	30	45	10	7.12		FALSE	FALSE	FALSE	FALSE	Fox mystics cast spells to outwit one another and collect magical forest items.	
Noisy Persons Card Game	1	Party	3	10	6	1.00	10	120	8	5.70		FALSE	FALSE	TRUE	FALSE	A party game designed to help you develop new character voices. 	
Northgard: Uncharted Lands	4	Standard	2	5	4	2.74	45	90	13	7.65	strategy	FALSE	FALSE	FALSE	FALSE	A streamlined 4X board game based on Norse Mythology.	
Nova Luna	4	Standard	1	4	2	1.87	30	60	8	7.27	abstracts, family	FALSE	FALSE	FALSE	FALSE	Draft tiles to complete adjacency combos in this beautiful, abstract tableau builder.	
Now or Never	1	Party	1	4	2	3.66	90	180	13	7.71	strategy	FALSE	FALSE	TRUE	FALSE	Exiles return home to rebuild their ancestral village in a strange fantasy world.	
Nunatak: Temple of Ice	4	Standard	2	4	3	1.91	30	45	10	7.27		FALSE	FALSE	FALSE	FALSE	Carve a step pyramid from the ice to rise high (in points).	
Obscurio	4	Standard	2	8	5–8	1.89	40	40	10	7.10	family	FALSE	FALSE	FALSE	FALSE	Work together with the evil wizard's grimoire to escape the cursed library!	
Octopie	3	Lighter	2	4		0.00	15	15	5	5.72		FALSE	FALSE	FALSE	FALSE	Find pies in the grip of an octopus's tentacles to win a tentacle of your own.	
Oh Captain!	3	Lighter	3	6	5	1.70	15	30	8	6.01		FALSE	FALSE	FALSE	FALSE	An asymmetric game of changing roles, bluffing, and booty!	
Oh Really?	1	Party	2	8		1.00	30	30	16	6.56		FALSE	FALSE	TRUE	FALSE	Prove to your friends you know them the best.	
Once Upon a Time: The Storytelling Card Game	1	Party	2	6	5–6	1.37	30	30	8	6.36	thematic, party	FALSE	FALSE	TRUE	FALSE	Be the first to play out your cards while building a crazy fairytale from scratch.	
One Deck Dungeon: Forest of Shadows	7	2-Player	1	2	1	2.34	30	45	14	7.09	thematic, family	FALSE	FALSE	FALSE	FALSE	The dice-chucking dungeon delver gets poison.	
One Earth	4	Standard	2	5	3	2.00	20	40	7	7.64		FALSE	FALSE	FALSE	FALSE	Nations compete to achieve prosperity but must cooperate to ensure Earth survives.	
One Night Revolution	1	Party	3	10	5–7	1.87	15	15	14	6.07	strategy,party	FALSE	FALSE	TRUE	FALSE	You have one night to identify the hidden Informant among you. . . if there is one.	
One Night Ultimate Super Villains	3	Lighter	3	10	6–8	1.33	10	10	8	6.78		FALSE	FALSE	FALSE	FALSE	Unlikely super heros try and catch some menacing villains.	
One Night Ultimate Werewolf	1	Party	3	10	6–8	1.38	10	10	8	7.05	party	FALSE	FALSE	TRUE	FALSE	An app-optional Werewolf that lasts but a single night. Wolves and villagers beware!	
One Week Ultimate Werewolf	1	Party	3	7	5–6	2.00	45	60	8	5.77	party	FALSE	FALSE	TRUE	FALSE	Spend a week in Ludwig's Castle. Investigate others and don't get eaten.	
Onitama	7	2-Player	2	2	2	1.64	15	20	10	7.35	abstracts	FALSE	FALSE	FALSE	FALSE	Assert your martial prowess by harnessing the power of various animal spirits.	
Ooga Booga	1	Party	3	6	5–6	1.02	10	10	7	5.99	party	FALSE	FALSE	TRUE	FALSE	In Ouga Bouga players need to repeat a series of guttural noises, then add to the chain. 	
Ora et Labora	5	Advanced	1	4	3	3.89	60	180	13	7.68	strategy	FALSE	FALSE	FALSE	FALSE	Manage workers and resources to build up the land around your medieval monastery.	
Order of the Stick Adventure Game: The Dungeon of Dorukan	4	Standard	2	6	6	2.77	180	360	10	5.75	thematic	FALSE	FALSE	FALSE	FALSE	Crawl down a dungeon collecting treasures and RPG puns.	
Oros	5	Advanced	1	4	3	3.25	60	120	14	7.29	strategy	FALSE	FALSE	FALSE	FALSE	Form mountains and build sacred monuments in the pursuit of wisdom and knowledge.	
Othello	2	Classic	2	2	2	2.07	30	30	8	6.14	abstracts	TRUE	FALSE	FALSE	FALSE	Flip discs to your color in this classic 19th-century abstract.	
Ouch!	3	Lighter	2	5	3–4	1.00	10	15	5	6.10	family	FALSE	FALSE	FALSE	FALSE	Dare to take the card with the most flowers and risk being pricked by the cactus!	
Outnumbered: Improbable Heroes	3	Lighter	1	6	1	1.50	20	30	8	6.96		FALSE	FALSE	FALSE	FALSE	A cooperative game of strategy and mathematics.	
Overboss Duel	7	2-Player	2	2	2	2.00	20	30	8	6.72		FALSE	FALSE	FALSE	FALSE	Place tiles on a shared board to become the best Overboss!	
Overboss: A Boss Monster Adventure	4	Standard	1	5	3	2.02	20	30	8	7.31	family	FALSE	FALSE	FALSE	FALSE	Conquer the overworld and become the Overboss in this puzzly map-building game.	
Paint the Roses	4	Standard	2	5	4	2.45	50	70	11	7.22	family	FALSE	FALSE	FALSE	FALSE	Work together to finish the royal gardens by outsmarting the Queen of Hearts.	
Paladins of the West Kingdom	5	Advanced	1	4	2	3.72	90	120	12	7.97	strategy	FALSE	FALSE	FALSE	FALSE	Invaders are coming from everywhere.  Keep the faith and defend your homeland.	
Pandemic	6	Co-Op	2	4	4	2.40	45	45	8	7.53	strategy,family	FALSE	TRUE	FALSE	FALSE	Your team of experts must prevent the world from succumbing to a viral pandemic.	
Pandemic: Contagion	4	Standard	2	5	4–5	1.90	30	30	14	6.40	family	FALSE	FALSE	FALSE	FALSE	You are the disease. There is no cure.	
Pandemic: Hot Zone – North America	6	Co-Op	2	4	2	1.84	30	30	8	6.99	family	FALSE	TRUE	FALSE	FALSE		
Pandemic: On the Brink	6	Co-Op	2	5	4	2.65	45	45	8	8.03	strategy	FALSE	TRUE	FALSE	TRUE	Three new challenges for your pandemic fighting team to conquer.	
Pandemic: Rapid Response	6	Co-Op	2	4	2	2.12	20	20	8	6.57	family	FALSE	TRUE	FALSE	FALSE	Cooperatively organize and manage the response to pandemic viral threats in real time	
Pandemic: The Cure	6	Co-Op	2	5	3–4	2.06	30	30	8	7.24	strategy, family	FALSE	TRUE	FALSE	FALSE	Roll dice to defeat four diseases threatening the world.	
Paper Dungeons: A Dungeon Scrawler Game	4	Standard	1	8	3	2.13	30	30	10	7.13	family	FALSE	FALSE	FALSE	FALSE	Explore dungeons, fight villains and conquer the glory in a hack n slash adventure.	
Parachute Panda	4	Standard	2	6	4–5	2.00	20	40	8	5.29		FALSE	FALSE	FALSE	FALSE	You're falling to your doom...but you can try not to land first.	
Paranormal Detectives	3	Lighter	2	6	4–5	1.67	30	50	12	6.98	party	FALSE	FALSE	FALSE	FALSE	Deduce the circumstances of the recently-deceased ghost with various occult methods!	
Paris: La Cité de la Lumière	7	2-Player	2	2	2	2.03	30	30	8	7.27	abstracts	FALSE	FALSE	FALSE	FALSE	Players compete for their moment in the light by placing oddly shaped building tiles.	
Parks (2019 edition)	10	 										FALSE	FALSE	FALSE	FALSE		
Parks: Roll & Hike	4	Standard	1	4	1	1.80	20	40	10	7.41		FALSE	FALSE	FALSE	FALSE	Roll your way through mountains, forests and fields, drawing as you go.	
Patchwork	7	2-Player	2	2	2	1.60	15	30	8	7.59	abstracts, family	FALSE	FALSE	FALSE	FALSE	Piece together a quilt and leave no holes to become the button master.	
Patchwork Doodle	3	Lighter	1	6	2, 4	1.26	20	20	8	6.59	family	FALSE	FALSE	FALSE	FALSE	Build your quilt with Tetris style pieces in this Patchwork roll and write.	
Pathfinder: Elemental Stones	3	Lighter	2	4		0.00	30	40	13	7.83		FALSE	FALSE	FALSE	FALSE	Elemental sovereigns shape the very nature of reality.	
Pax Pamir: Second Edition	5	Advanced	1	5	4	3.85	45	120	13	8.17	strategy	FALSE	FALSE	FALSE	FALSE	Swing the tides of &quot;The Great Game&quot; as countries vie for control of Afghanistan.	
Pay Day	3	Lighter	2	6	4	1.22	30	30	8	4.88	family	FALSE	FALSE	FALSE	FALSE	Roll-and-move game where you hope for windfall income and wince at monthly expenses.	
Pentris	3	Lighter	2	4		0.00	30	30	8	6.00		FALSE	FALSE	FALSE	FALSE	Slide tiles down your board to make the biggest group of each candy!	
Pete the Cat Groovy Buttons Game	3	Lighter	2	4		1.00	15	15	3	4.49		FALSE	FALSE	FALSE	FALSE	Get the most groovy buttons in your jar.	
Pete the Cat: Pizza Pie Game	3	Lighter	2	4		0.00	0	0	3	6.67		FALSE	FALSE	FALSE	FALSE	Practice counting skills as you move around the game board collecting pizza toppings.	
Phase 10	2	Classic	2	6	4	1.26	45	45	8	5.23	family	TRUE	FALSE	TRUE	FALSE	Collect sets and runs before your opponents to advance through ten phases of play.	2 copies
Photosynthesis	4	Standard	2	4	3	2.26	30	60	10	6.96	abstracts, family	FALSE	FALSE	FALSE	FALSE	Trees compete for sunlight to grow taller, as the sun moves around the board.	
Pictopia: Disney Edition	3	Lighter	2	6	6	1.00	20	60	7	5.56		FALSE	FALSE	FALSE	FALSE	Answer questions about images from the Disney universe.	
Pit	1	Party	3	8	6–8	1.15	30	90	7	6.40	party, family	FALSE	FALSE	TRUE	FALSE	World's liveliest card game. Trade 1! Trade 2! Trade 3! Trade 4! Corner the market.	
Planet	3	Lighter	2	4	4	1.59	30	45	8	6.66	family	FALSE	FALSE	FALSE	FALSE	Build biomes to create a unique 3D planet and attract the most wildlife.	
Planta Nubo	5	Advanced	1	4	2	3.92	30	120	12	7.23	strategy	FALSE	FALSE	FALSE	FALSE	Players create their own gardens in the sky to harvest oxygen in a Solar Punk world.	
Playing Cards	2	Classic										TRUE	FALSE	FALSE	FALSE		4 copies
Plot Thickens, The: Detective Edition	3	Lighter	2	4		0.00	20	0	14	7.46		FALSE	FALSE	FALSE	FALSE	The Plot Thickens is a storytelling game for quick-thinking, imaginative folks just like you and your friends. 	
Plot Thickens, The: Romance Edition	3	Lighter	2	4		0.00	20	0	17	7.28		FALSE	FALSE	FALSE	FALSE	The Plot Thickens is a storytelling game for quick-thinking, imaginative folks just like you and your friends. 	
Poetry for Neanderthals	3	Lighter	2	12	6, 8	1.06	15	15	7	6.67	party	FALSE	FALSE	FALSE	FALSE	A single-syllable word game in which you must speak good or get hit with stick!	
Port Royal: Big Box	3	Lighter	1	5	3–4	1.74	20	50	8	7.56	family	FALSE	FALSE	FALSE	FALSE	Hire ships and crew, complete missions, and conquer the dreaded Ares pirates.	
Port Royal: The Dice Game	4	Standard	2	5	3	2.00	20	50	10	6.33		FALSE	FALSE	FALSE	FALSE	Push your luck in a new spin-off from the popular game Port Royal.	
Portals	4	Standard	1	4	2	2.25	40	80	10	6.62		FALSE	FALSE	FALSE	FALSE	Find Portals to magical Fairy Realms and become a Path Master of the Portal Guild.	
Portals	4	Standard	1	4	2–3	2.25	40	80	10	6.61		FALSE	FALSE	FALSE	FALSE	Find Portals to magical Fairy Realms and become a Path Master of the Portal Guild.	
Potion Explosion	4	Standard	2	4	3	1.77	30	45	8	7.13	family	FALSE	FALSE	FALSE	FALSE	Collect and combine ingredients to mix potions and try to become Student of The Year.	2 copies
Potions of Azerland	4	Standard	1	4	3	2.29	45	90	14	8.17		FALSE	FALSE	FALSE	FALSE	Gather resources and brew potions to fulfill orders or drink for special powers!	
Power Rangers: Deck-Building Game	5	Advanced	2	4	2	2.89	30	70	14	7.22	thematic	FALSE	FALSE	FALSE	FALSE	Power Rangers face off against evil in an ultimate fight to crush the bad guys.	
Princes of Florence, The	5	Advanced	1	5	5	3.24	75	100	12	7.50	strategy	FALSE	FALSE	FALSE	FALSE	Attract artisans and scholars to your palazzo by building and landscaping.	
Processing: A Game of Serving Humanity	4	Standard	3	6	4	2.00	30	30	13	6.91		FALSE	FALSE	FALSE	FALSE	Processing is a game of terrible democracy. Aliens have conquered Earth, but that's not the worst of it. You'll have to be clever if you and the cows are to survive.	
Punderdome: A Card Game for Pun Lovers	3	Lighter	3	99	7	1.00	30	90	12	4.77		FALSE	FALSE	FALSE	FALSE	The most terrible punster wins. Are you game?!	
Pusheen Purrfect Pick	3	Lighter	2	5	3	1.29	10	30	8	6.23	family	FALSE	FALSE	FALSE	FALSE	Gather Pusheen’s friends and essentials to create meowgical moments!	
Qawale	7	2-Player	2	2	2	1.18	15	15	8	7.01	abstracts	FALSE	FALSE	FALSE	FALSE	Distribute pebbles on the path, and try to line up four pebbles of your color.	
Quacks & Co.: Quedlinburg Dash	3	Lighter	2	4	3–4	1.17	25	25	6	7.34	childrens, family	FALSE	FALSE	FALSE	FALSE	Fill your feedbag with the right tokens so your mount will race to victory.	
Quacks of Quedlinburg, The	4	Standard	2	4	4	1.94	45	45	10	7.82	family	FALSE	FALSE	FALSE	FALSE	Pull ingredients from your stock to make your pot bubble, but hopefully not explode!	2 copies
Quantum	4	Standard	2	4	4	2.47	60	60	13	7.23	strategy	FALSE	FALSE	FALSE	FALSE	Puzzle your way to victory through clever positioning to dominate the galaxy.	
Quarto	2	Classic	2	2	2	1.89	20	20	8	6.89	abstracts	TRUE	FALSE	FALSE	FALSE	You choose the piece your opponent plays next. 4-in-a-row of the same attribute wins!	
Queen's Necklace	4	Standard	2	4	3	1.91	30	45	8	6.38	family	FALSE	FALSE	FALSE	FALSE	Create the finest pieces of jewellery to attract the Queen's eye.	
Queendomino	4	Standard	2	4	2	2.06	25	25	8	7.15	family	FALSE	FALSE	FALSE	FALSE	Build a tile queendom independently, or mix with Kingdomino for more players and fun.	
Queer Agenda, The	1	Party	4	10		0.00	30	60	18	2.88		FALSE	FALSE	TRUE	FALSE	Queer fun for a daring crowd.	
Quest for El Dorado, The 	4	Standard	2	4	2, 4	1.94	30	60	10	7.69	family	FALSE	FALSE	FALSE	FALSE	Race through a dense South American jungle in pursuit of the legendary city of gold.	
Quest Kids, The	3	Lighter	2	4	4	1.00	20	45	5	7.72	childrens	FALSE	FALSE	FALSE	FALSE	A dungeon crawl fantasy adventure for players 5 years old and up!	
Quiddler	3	Lighter	1	8	4	1.42	30	30	8	6.13	family	FALSE	FALSE	FALSE	FALSE	Short words and long words can make for high scores in this versatile word game.	
Qwirkle	3	Lighter	2	4	4	1.59	45	45	6	6.77	abstracts, family	FALSE	FALSE	FALSE	TRUE	Complete a set of shapes or colors among the criss-crossing tiles for big points!	
Qwirkle Color Blind Ed.	3	Lighter	2	4	4	1.59	45	45	6	6.77	abstracts, family	FALSE	FALSE	FALSE	FALSE		
Raccoon Tycoon	4	Standard	2	5	4	2.16	60	90	8	7.26	strategy, family	FALSE	FALSE	FALSE	FALSE	Build railroads, towns and goods to become the most prodigious critter in Astoria.	
Race for the Galaxy	5	Advanced	2	4	2	2.99	30	60	12	7.74	strategy	FALSE	FALSE	FALSE	FALSE	Worlds await! Colonize, develop and conquer, taking advantage of others' choices.	
Race to the Ark	3	Lighter	2	4		0.00	30	60	5	8.00		FALSE	FALSE	FALSE	FALSE	Race to the ark and gather animals along the way.	
Radlands	7	2-Player	2	2	2	2.26	20	40	14	7.82	strategy	FALSE	FALSE	FALSE	FALSE	Post-apocalyptic bands of punks fight to destroy the rival tribe's camps.	
Raiders of Scythia	4	Standard	1	4	3	2.76	60	80	12	7.73	strategy	FALSE	FALSE	FALSE	FALSE	Raid and plunder your way through ancient empires on horseback.	
Raiders of the North Sea	4	Standard	2	4	3	2.56	60	80	12	7.73	strategy	FALSE	FALSE	FALSE	FALSE	Gather your Viking crew in order to plunder seas and lands for glory!	
Railroad Ink: Blazing Red Edition	3	Lighter	1	6	3	1.47	20	30	8	7.08	family	FALSE	FALSE	FALSE	FALSE	Build a network of rails and roads throughout a fiery landscape.	
Railroad Ink: Deep Blue Edition	3	Lighter	1	6	2	1.45	20	30	8	7.17	family	FALSE	FALSE	FALSE	FALSE	Build a network of rails and roads through a watery landscape.	
Ramen	3	Lighter	2	5	4	1.40	15	30	8	6.46		FALSE	FALSE	FALSE	FALSE	Get the best ingredient to add to your ramen bowls. 	
Ramen Fury	3	Lighter	2	5	4	1.21	30	30	8	6.22	family	FALSE	FALSE	FALSE	FALSE	Collect delicious ingredients for your bowls, then eat your creations for points.	
Rats of Wistar	5	Advanced	1	4	3	3.34	90	90	13	7.60	strategy	FALSE	FALSE	FALSE	FALSE	Intelligent rats explore their new house and expand their lair.	
Really Loud Librarians	1	Party	2	12	4, 6	1.17	15	20	8	6.07		FALSE	FALSE	TRUE	FALSE	A fast-paced two-team wordplay party game.	
Red Cathedral, The	5	Advanced	1	4	3	2.82	80	80	10	7.69	strategy	FALSE	FALSE	FALSE	FALSE	Lead a construction team to build Saint Basil's Cathedral under the Tsar's reign.	
Red Dragon Inn 6: Villains, The	3	Lighter	2	4	4+	2.40	30	60	13	7.93		FALSE	FALSE	FALSE	FALSE	You've spent all day dealing with meddlesome adventurers slaying your monsters and taking your stuff. Now it's high time you kicked back for a drink.	
Red Dragon Inn, The	3	Lighter	2	4	4	1.66	45	45	13	6.55	thematic,party	FALSE	FALSE	FALSE	FALSE	Fantasy adventurers head to the pub for a night of drinking, gambling, and fights.	
Red Dragon Inn: Battle for Greyport, The	6	Co-Op	2	5	4	2.73	40	100	12	7.18	strategy	FALSE	TRUE	FALSE	FALSE	Team up with unique companions to save each other and Greyport.	
Red Flags	1	Party	3	20	6	1.00	15	15	16	6.13	party	FALSE	FALSE	TRUE	FALSE	Players play matchmaker as they try to set up the 'Single' with the best date.	2 copies
Red Flags expansion:  Dark Red Flags	1	Party	3	10	5–7	1.00	0	0	0	6.22		FALSE	FALSE	TRUE	TRUE	Dark Red Flags adds 75 really, really nasty Red Flag cards to your game.	2 copies
Red November	4	Standard	1	8	4	2.07	60	120	13	6.29	strategy	FALSE	FALSE	FALSE	FALSE	Work together to save a sinking sub, or find a diving suit and abandon your friends.	
Red Rising	4	Standard	1	6	3	2.28	45	60	14	6.99	strategy	FALSE	FALSE	FALSE	FALSE	Craft a hand of powerful characters from the dystopian world of Red Rising.	
REM Racers	4	Standard	2	5	4	2.17	60	90	0	6.03		FALSE	FALSE	FALSE	FALSE	Pilot your robot to the finish line while surviving the attacks from you rivals!	
reMEmber	3	Lighter	3	5	5	1.00	10	30	8	6.70		FALSE	FALSE	FALSE	FALSE	Give words a color and tell a story.	
Rent a Hero	3	Lighter	3	5	3–4	1.46	20	30	8	6.30	family	FALSE	FALSE	FALSE	FALSE	Assemble a team of heroes but be careful! Hire the same hero twice they both go away!	AEG Black Box
Res Arcana	4	Standard	2	4	2	2.64	30	60	12	7.64	strategy	FALSE	FALSE	FALSE	FALSE	Rival mages create artifacts, vying for places of power and ancient monuments.	2 copies
Resistance, The	1	Party	5	10	7	1.59	30	30	13	7.21	party	FALSE	FALSE	TRUE	FALSE	Assign operatives to missions while avoiding enemy spies.	
Retrograde	3	Lighter	1	4	2	1.50	25	35	8	6.51	family	FALSE	FALSE	FALSE	FALSE	Race to blast evil Astrodroids in this real-time roll-and-write.	
Revive	5	Advanced	1	4	3	3.42	90	120	14	8.14	strategy	FALSE	FALSE	FALSE	FALSE	Revive civilization, 5000 years after the fall of humankind.	
Rhino Hero: Super Battle	3	Lighter	2	4	3–4	1.10	10	20	5	7.23	childrens,family	FALSE	FALSE	FALSE	FALSE	Build sprawling cardboard towers and see how heroes climb up to then duel clumsily.	
Riftforce	7	2-Player	2	2	2	2.10	20	30	10	7.26	cgs	FALSE	FALSE	FALSE	FALSE	Choose guilds, combine their powers, and rush into battle.	
Ring of Chaos	4	Standard	3	6	4	2.20	60	120	13	6.95		FALSE	FALSE	FALSE	FALSE	Command four Heroes to defeat your rivals and obtain the legendary Ring of Chaos.	
Rise of Empires	5	Advanced	2	5	4	3.54	150	150	12	7.02	strategy	FALSE	FALSE	FALSE	FALSE	Compete to develop your ever-changing empire from Ancient Age to Modern Age.	
Rivages	4	Standard	1	5	1, 4	2.00	20	30	8	7.25		FALSE	FALSE	FALSE	FALSE	Cross out and write your way through legendary islands.	
Rival Restaurants	4	Standard	2	6	4–5	2.22	45	60	10	7.57	family	FALSE	FALSE	FALSE	FALSE	Players go head-to-head in this chaotic social strategy game.	
Rivals for Catan	7	2-Player	2	2	2	2.32	45	60	10	6.94	strategy	FALSE	FALSE	FALSE	FALSE	Duel to build the best kingdom in different eras of Catan.	
Roam	4	Standard	2	4	3	1.84	30	45	8	7.29	family	FALSE	FALSE	FALSE	FALSE	Seek out and awaken the sleepwalking residents of Arzium.	
Robinson Crusoe: Adventures on the Cursed Island	6	Co-Op	1	4	1–2	3.82	60	120	14	7.74	thematic	FALSE	TRUE	FALSE	FALSE	Work together — with friends or with Friday — to survive on a deserted island.	
Robo Rally	4	Standard	2	6	4	2.33	45	90	12	7.55		FALSE	FALSE	FALSE	FALSE	Programmed robot racing!	
Rock Hard: 1977	1	Party	2	5	4–5	2.49	45	90	14	7.61	thematic	FALSE	FALSE	TRUE	FALSE	Rehearse, play gigs, get a record deal and become the most famous rock star of 1977.	
Roll for Adventure	4	Standard	2	4	4	2.03	30	30	10	6.73	family	FALSE	FALSE	FALSE	FALSE	Assign dice to noble quests to forge an amulet and overthrow the Master of Shadows.	
Roll for the Galaxy	4	Standard	2	5	3–4	2.78	45	45	13	7.59	strategy	FALSE	FALSE	FALSE	FALSE	Utilize your dice populace to develop technologies, settle worlds, and ship goods.	
Roll Player	4	Standard	1	4	3	2.43	60	90	10	7.44	strategy	FALSE	FALSE	FALSE	FALSE	Draft dice and purchase skills, traits and equipment to create the perfect RPG hero.	
Rolling Freight	5	Advanced	2	5	3	2.98	120	180	13	6.77	strategy	FALSE	FALSE	FALSE	FALSE	Use dice to build routes and ship cargo in reconstruction-era America.	
Rolling Realms Redux	4	Standard	1	6	1–2	2.50	30	45	14	7.99		FALSE	FALSE	FALSE	FALSE	Combine 12 new realms with each other and/or expand Rolling Realms!	
Rome in a Day	4	Standard	2	5	3–4	1.77	15	20	8	6.99		FALSE	FALSE	FALSE	FALSE	Find your favorite strategies in this fast-playing resource management Euro.	
Rook	2	Classic	2	6	4	1.86	45	45	8	6.43	family	TRUE	FALSE	FALSE	FALSE	A trick-taking partnership game with bidding to name the trump suit.	
Root	5	Advanced	2	4	4	3.81	60	90	10	8.08	war, strategy	FALSE	FALSE	FALSE	FALSE	Decide the fate of the forest as woodland factions fight for contrasting goals.	
Rory's Story Cubes	1	Party	1	12	2–4	1.11	20	20	6	6.23	party, family	FALSE	FALSE	TRUE	FALSE	Roll dice and tell a story based on the images rolled.	
Rotten Tomatoes: The Card Game	1	Party	2	20	2	1.00	20	20	10	6.66		FALSE	FALSE	TRUE	FALSE	How well can you rank movies against one another?	
Rummikub	3	Lighter	2	4	4	1.72	60	60	8	6.49	family	FALSE	FALSE	FALSE	FALSE	Race to play all your tiles by forming runs or sets, even if they're not your own!	
Rune Stones	4	Standard	2	4	3	2.34	60	60	10	7.27	family	FALSE	FALSE	FALSE	FALSE	Summon creatures, gain gems, forge artifacts and gain the throne first.	
Runes & Regulations	3	Lighter	2	4	3	1.43	30	60	14	6.03		FALSE	FALSE	FALSE	FALSE	Summon creatures to your lawn, use magic, and sabotage your neighbors!	
Rush M.D.	4	Standard	1	4	3	2.38	30	45	14	7.45	family	FALSE	FALSE	FALSE	FALSE	Diagnose, perform surgeries, and treat the patients in a mad rush to efficiency!	
Saboteur	1	Party	3	10	7–8	1.32	30	30	8	6.54	party,family	FALSE	FALSE	TRUE	FALSE	You are dwarves laying tunnel cards to get gold: but which one of you is the traitor?	
Sacred Valley	4	Standard	3	5	3–5	2.00	60	60	8	6.91		FALSE	FALSE	FALSE	FALSE	Expand your farmlands in the mountains of Peru.	
Sagrada	3	Lighter	2	4		0.00	60	60	0	6.66		FALSE	FALSE	FALSE	FALSE	Craft the best stained-glass windows by carefully placing colorful transparent dice.	
Sagrada	4	Standard	1	4	2	1.92	30	45	14	7.47	abstracts,family	FALSE	FALSE	FALSE	FALSE	Craft the best stained-glass windows by carefully placing colorful transparent dice.	
Sagrada: 5-6 Player Expansion	4	Standard	5	6	3	2.03	20	40	14	7.69	family	FALSE	FALSE	FALSE	TRUE	This expansion adds more components and player boards. Now the whole family can play!	
Sailor Moon Crystal: Dice Challenge	3	Lighter	2	8	2	1.33	5	60	10	6.21		FALSE	FALSE	FALSE	FALSE		
Saloon Tycoon	4	Standard	2	4	3–4	2.26	30	60	13	7.12	strategy	FALSE	FALSE	FALSE	FALSE	Players expand their small corner saloons into thriving businesses. 	
Salton Sea	5	Advanced	1	4	2	3.82	120	120	12	7.60	strategy	FALSE	FALSE	FALSE	FALSE	Extract brine and manage the most efficient geothermal company.	
Same Game, The	3	Lighter	3	6	4–5	1.31	30	45	10	7.19		FALSE	FALSE	FALSE	FALSE	Discuss how completely different objects might share something in common.	
San Juan	4	Standard	2	4	3	2.29	45	60	10	7.23	strategy	FALSE	FALSE	FALSE	FALSE	Cards have multiple potential uses -- choose wisely to build the city.	
Sand	5	Advanced	1	4	2	3.29	120	120	14	6.87	strategy	FALSE	FALSE	FALSE	FALSE	Earn as much gold as you can by transporting goods across the desert.	
Say Anything	1	Party	3	8	6–8	1.09	30	30	13	6.70	party	FALSE	FALSE	TRUE	FALSE	One player asks a question. Others answer, and then bet on, the predicted favorite.	
Scattergories	1	Party	2	6	4–6	1.36	30	30	12	6.28	party	FALSE	FALSE	TRUE	FALSE	List as many words as you can that begin with a certain letter before time runs out.	
Scholars of the South Tigris	5	Advanced	1	4	3	4.06	60	90	12	8.07	strategy	FALSE	FALSE	FALSE	FALSE	Gather scrolls and bring them back to the House of Wisdom to be translated.	
Scooby-Doo! Betrayal at Mystery Mansion	4	Standard	3	5	5	1.81	25	50	8	6.64	family	FALSE	FALSE	FALSE	FALSE	Zoinks! Help the Scooby Gang explore the mansion and foil the villain's evil plans.	
Scooby-Doo! The Board Game	6	Co-Op	1	5	3–4	1.83	30	30	10	7.22	family	FALSE	TRUE	FALSE	FALSE	Help the Mystery Inc. gang use their special abilities to meddle and catch villains.	
Scotland Yard: Sherlock Holmes Edition	4	Standard	2	6	3	2.14	45	60	10	7.19		FALSE	FALSE	FALSE	FALSE	Can Sherlock Holmes and his companions hunt down Moriarty?	
Scrabble	2	Classic	2	4	2	2.06	90	90	10	6.27	family	TRUE	FALSE	FALSE	FALSE	Carefully place your lettered tiles to make high-scoring words.	
Scythe	5	Advanced	1	5	4	3.45	90	115	14	8.13	strategy	FALSE	FALSE	FALSE	FALSE	Five factions vie for dominance in a war-torn, mech-filled, dieselpunk 1920s Europe.	
Search for Lost Species, The	5	Advanced	1	4	2	2.91	60	75	13	7.86	strategy, family	FALSE	FALSE	FALSE	FALSE	Search for the lost species in a deduction game followup to the Search for Planet X!	
Search for Planet X, The	4	Standard	1	4	2–3	2.42	60	75	13	7.93	strategy	FALSE	FALSE	FALSE	FALSE	Plan, scan, and theorize to find a new planet at the edge of our solar system.	
Seasons	4	Standard	2	4	2	2.78	60	60	14	7.35	strategy	FALSE	FALSE	FALSE	FALSE	Mages compete across twelve seasons to collect crystals and become the new archmage.	
Senjutsu: Battle For Japan	5	Advanced	1	4	2	2.97	15	20	14	7.32	war, thematic	FALSE	FALSE	FALSE	FALSE	Historically grounded Samurai heroes fight to the death on the battlefield.	
Sequence	2	Classic	2	12	3–4	1.32	10	30	7	6.13	family	TRUE	FALSE	FALSE	FALSE	Choose wisely to get 5 chips in a row. Play defense to slow your opponents down.	
Set	2	Classic	1	20	3-4	1.65	30	30	6	6.50	abstracts, family	TRUE	FALSE	FALSE	FALSE		
Shadow House: Masquerade	3	Lighter	3	8	5–6	1.67	10	20	8	6.65		FALSE	FALSE	FALSE	FALSE	With ever-shifting roles, the attendees reveal or conceal the culprit among them.	
Shadow House: Masquerade	3	Lighter	3	8	5–6	1.67	10	20	8	6.65		FALSE	FALSE	FALSE	FALSE	With ever-shifting roles, the attendees reveal or conceal the culprit among them.	
Shadows of Brimstone: Gates of Valhalla	6	Co-Op	1	4	3	3.00	0	0	0	8.48		FALSE	TRUE	FALSE	FALSE	In Gates of Valhalla, players take on the role of a group of Norse Vikings.	
Shadows over Camelot	4	Standard	3	7	5–7	2.57	60	90	10	7.10	thematic	FALSE	FALSE	FALSE	FALSE	Loyal knights unite to save Camelot while a traitor secretly plots their doom.	
Sheriff of Nottingham	3	Lighter	3	5	5	1.66	60	60	14	7.06	party, family	FALSE	FALSE	FALSE	FALSE	Sell goods for profit, or risk losing it all by slipping contrabands in....	
Sherlock Holmes, Consulting Detective 	4	Standard	2	5	2–3	1.80	30	40	8	6.50	family	FALSE	FALSE	FALSE	FALSE		
Shipwrights of the North Sea	4	Standard	2	5	3–4	2.28	60	60	10	6.35	strategy	FALSE	FALSE	FALSE	FALSE	Build the greatest fleet working with an array of characters, bad and worse.	
Shuffle Grand Prix	3	Lighter	2	4	4	1.33	30	30	13	5.98		FALSE	FALSE	FALSE	FALSE	Out distance your opponents, in a competitive battle to the finish line.	
Shut the Box	3	Lighter	2	4	2	1.08	30	30	8	5.18	childrens	FALSE	FALSE	FALSE	FALSE	Roll dice and combine the outcome, so you can knock down the most numbered tiles.	
Sidereal Confluence	5	Advanced	4	9	6	3.54	120	180	14	7.78	strategy	FALSE	FALSE	FALSE	FALSE	Nine alien races wheel, deal, plan, and develop to be the best leader of the galaxy.	
SiliconVania	4	Standard	2	5		2.33	45	90	14	7.33		FALSE	FALSE	FALSE	FALSE	Impress the vampire Council of Elders to advance your plans for a new tech hub!	
Silk	4	Standard	2	4	3	2.38	45	45	10	6.32	strategy	FALSE	FALSE	FALSE	FALSE	Silk worm shepherds raise & graze their worms and keep them away from the predator.	
Silver	4	Standard	2	4	2, 4	1.79	30	60	8	7.04	family	FALSE	FALSE	FALSE	FALSE	Use your village residents abilities to try and have the fewest werewolves in town.	
Skulk Hollow	7	2-Player	2	2	2	2.17	40	40	8	7.23	strategy	FALSE	FALSE	FALSE	FALSE	Fight in epic battles between enormous Guardians and the clever Foxen clan!	
Skull	1	Party	3	6	5–6	1.12	15	45	10	7.19	party	FALSE	FALSE	TRUE	FALSE	Does the token hide a flower or skull? Bid, bluff and laugh with striking components.	
Skull	1	Party	3	6	5–6	1.12	15	45	10	7.19	party	FALSE	FALSE	TRUE	FALSE	Does the token hide a flower or skull? Bid, bluff and laugh with striking components.	
Skull Canyon: Ski Fest	4	Standard	2	4	2, 4	2.11	45	60	14	7.15		FALSE	FALSE	FALSE	FALSE	Prove you're the ultimate skier on the Skull Canyon slopes!	
Sky Team	7	2-Player	2	2	2	2.05	15	15	12	8.20	thematic, family	FALSE	FALSE	FALSE	FALSE	Pilot and co-pilot work together to land planes.	
Skymines	5	Advanced	1	4	4	3.87	75	150	12	7.99	strategy	FALSE	FALSE	FALSE	FALSE	Mine the Moon and invest in promising companies to make yourself a fortune.	
Skyrise	4	Standard	2	4	4	2.27	30	90	14	7.82	strategy	FALSE	FALSE	FALSE	FALSE	Visionary architects build a glorious new city in the sky.	
Sleeping Gods: Distant Skies	6	Co-Op	1	4	2	2.81	60	600	13	8.53	thematic	FALSE	TRUE	FALSE	FALSE	Journey across a rugged landscape in this sequel to Sleeping Gods.	
Sleeping Gods: Primeval Peril	7	2-Player	1	2	2	2.75	120	240	13	7.57		FALSE	FALSE	FALSE	FALSE	Venture through the jungle in this standalone game set in the world of Sleeping Gods	
Slidin' Toucan	3	Lighter	2	4		0.00	10	10	3	5.29		FALSE	FALSE	FALSE	FALSE	Help the dodo to hide his eggs from the explorer.	
Small World	4	Standard	2	5	4	2.35	40	80	8	7.20	strategy, family	FALSE	FALSE	FALSE	FALSE	Control one fantasy race after another to expand quickly throughout the land.	
Small World Underground	4	Standard	2	5	4	2.59	30	90	8	7.23	strategy, family	FALSE	FALSE	FALSE	FALSE	Mummies, Mudmen and more! Battle it out with new maps, new races, and new powers.	
Small World: Realms	4	Standard	2	6	4–5	2.42	40	80	8	7.31	strategy, family	FALSE	FALSE	FALSE	TRUE	Custom map expansion compatible with either of the Smallworld base games.	
Smitten	7	2-Player	1	2	2	1.24	10	10	10	6.33		FALSE	FALSE	FALSE	FALSE	Work together to complete two matching panoramas.	
Smyle	4	Standard	2	5	4	2.00	15	20	8	5.50		FALSE	FALSE	FALSE	FALSE	Players use Fairy cards to steal and give teeth cards from one another over 6 rounds.	
Snip Snap!	3	Lighter	2	6	2–6+	1.00	0	0	7	6.26		FALSE	FALSE	FALSE	FALSE	Snip Snap! is the fast action dice matching game that will get your head spinning! 	
Sonora	4	Standard	1	4	4	2.10	30	45	10	6.83	family	FALSE	FALSE	FALSE	FALSE	Flick your disks to capture cacti, build, and score in four different mini-games.	
Sorry!	2	Classic	2	4	3-4	1.00	30	30	6	5.00		TRUE	FALSE	FALSE	FALSE	Move and try to bump your opponents, but don't forget to say Sorry!	
Space Alert	5	Advanced	1	5	4–5	2.97	30	30	12	7.39	thematic	FALSE	FALSE	FALSE	FALSE	This ship runs itself! Wait, why are our shields down and where did you go? Help us!	
Speedy Words	3	Lighter	2	8	3	1.00	10	15	6	6.12		FALSE	FALSE	FALSE	FALSE	An addictive card game that takes the famous Categories game to the next level. 	
SpellBook	4	Standard	1	4	2	2.00	45	45	12	6.48	strategy, family	FALSE	FALSE	FALSE	FALSE	Wide variety of spell combinations, play hundreds of unique games.	
Spirit Island	6	Co-Op	1	4	2	4.07	90	120	13	8.34	strategy	FALSE	TRUE	FALSE	FALSE	Island Spirits join forces using elemental powers to defend their home from invaders.	
Splendor	4	Standard	2	4	3	1.78	30	30	10	7.42	family	FALSE	FALSE	FALSE	FALSE	Renaissance merchants race to grab gems, acquire property, and please nobility.	
Splendor Duel	7	2-Player	2	2	2	2.00	30	30	10	7.92	strategy, family	FALSE	FALSE	FALSE	FALSE	Renaissance merchants go head to head to please nobility by collecting jewels.	
Spot it!	1	Party	2	8	4–5	1.03	15	15	7	6.55	party	FALSE	FALSE	TRUE	FALSE	Quick! Which symbol is on both cards? Race others to gather or dump your cards.	
Spot it! 1, 2, 3	1	Party	2	6	4	1.03	15	15	4	6.30	childrens	FALSE	FALSE	TRUE	FALSE	Quick! Be the first to spot the image that appears twice.	
Spouse-ology	1	Party	4	6	7+	1.00	30	30	0	5.00		FALSE	FALSE	TRUE	FALSE	Spouse-ology challenges husbands to think like their wives and vice versa. 	
Stampfarm	3	Lighter	2	5	3–4	1.00	20	20	6	6.97		FALSE	FALSE	FALSE	FALSE	Fill your farm with animals stamps in this &quot;roll-and-stamp&quot; game!	
Star Realms	4	Standard	1	4	2	2.00	20	20	12	7.85		FALSE	FALSE	FALSE	FALSE	Base game, Gambits set, 2 extra player decks, a play mat, and storage box.	
Star Realms Academy	7	2-Player	2	2	2	2.00	20	20	7	8.06		FALSE	FALSE	FALSE	FALSE	Create a powerful deck of spaceships and bases to attack your opponent.	
Star Realms: Frontiers	4	Standard	1	4	2	1.87	20	45	12	7.93	strategy	FALSE	FALSE	FALSE	FALSE	Expand your fleet, explore new frontiers, and impose your authority over your rivals.	
Star Trek: Alliance – Dominion War Campaign	7	2-Player	1	2	2	3.07	45	90	14	8.67	thematic	FALSE	FALSE	FALSE	FALSE		
Star Tycoon	4	Standard	1	4	3	2.73	25	100	14	7.47		FALSE	FALSE	FALSE	FALSE	Expand your interstellar company while a central market reacts to supply and demand.	
Star Wars: Unlock!	6	Co-Op	1	6	2	1.89	60	60	10	7.05	thematic, family	FALSE	TRUE	FALSE	FALSE	Rebels, Imperials, and Scum - adventure and mystery await in a galaxy far, far away..	
Steam Park	4	Standard	2	4	4	2.12	60	60	10	6.82	family	FALSE	FALSE	FALSE	FALSE	Ready, set, roll! Create the best robot amusement park!	
Steampunk Rally Fusion	4	Standard	2	8	4	2.79	45	60	14	7.39	strategy	FALSE	FALSE	FALSE	FALSE	It's a race to the finish unless your machine explodes on the way!	
Stella: Dixit Universe	1	Party	3	6	5–6	1.13	30	30	8	7.31	party, family	FALSE	FALSE	TRUE	FALSE	Players confront each other with word-images association and  risk management choices	
Stir Fry Eighteen	3	Lighter	2	5	2	1.21	5	12	6	6.07		FALSE	FALSE	FALSE	FALSE	Collect ingredients, deceive your opponents, cook stir fry!	
Stone Age	4	Standard	2	4	4	2.46	60	90	10	7.52	strategy, family	FALSE	FALSE	FALSE	FALSE	Prehistoric tribes struggle to survive and adapt. Which one will rise to the top?	
Stranger Things: Eggo Card Game	3	Lighter	2	6	5	1.00	15	30	14	4.97		FALSE	FALSE	FALSE	FALSE		
Stringamajig	3	Lighter	4	10		1.00	20	20	13	5.30		FALSE	FALSE	FALSE	FALSE	The action in the party game Stringamajig is part drawing and part charades with a string. 	
Stygian Society, The	6	Co-Op	1	4	3–4	2.60	60	120	14	7.12		FALSE	TRUE	FALSE	FALSE	The Stygian Society is a diceless dungeon crawl. 	
Subastral	3	Lighter	2	5	3	1.61	15	30	10	7.15	family	FALSE	FALSE	FALSE	FALSE	Cleverly collect cards for your journal that represent the biomes of Earth.	
Subatomic: An Atom Building Game	4	Standard	2	4	3	2.04	40	60	10	6.90	family	FALSE	FALSE	FALSE	FALSE	A deck-building game in which players compete to build a number of available elements, which score them points.	
Suburbia	4	Standard	1	4	3	2.76	60	90	8	7.47	strategy	FALSE	FALSE	FALSE	FALSE	Expand your meager neighborhood into a sprawling suburb to attract the most citizens.	
Suelta La Sopa	1	Party	2	99		1.00	30	30	12		party	FALSE	FALSE	TRUE	FALSE		
Summer Camp	4	Standard	2	4	3	1.88	30	45	10	7.14	family	FALSE	FALSE	FALSE	FALSE	Collect cards and earn merit badges to become the ultimate summer camper.	
Summoner Wars (Second Edition)	7	2-Player	2	2	2	2.60	40	60	9	8.11	cgs, strategy	FALSE	FALSE	FALSE	FALSE	The fight for Itharia is on! Defeat the enemy summoner before they cut yours down.	
Superfight	3	Lighter	3	20	4–6	1.18	15	15	8	5.84	party	FALSE	FALSE	FALSE	FALSE	Set your hero on the stage, and argue why they'd win the fight.	
Superfight: Dungeon Mode	3	Lighter	3	10		1.00	0	0	0	6.59		FALSE	FALSE	FALSE	TRUE	Work as a team to argue your way through the most deadly series of traps and pitfalls you and your friends can imagine.	
Survivor: The Game	3	Lighter	5	16		1.40	30	30	8	4.47		FALSE	FALSE	FALSE	FALSE	Do you think you have what it takes to be a contestant on Survivor?	
Sushi Go Party!	1	Party	2	8	4–5	1.31	20	20	8	7.39	family	FALSE	FALSE	TRUE	FALSE	Pass sushi around a bigger table and take the best dishes. Save room for dessert!	
Suspects DEMO	10	 										FALSE	FALSE	FALSE	FALSE		
Suspicion	4	Standard	2	6	4–5	1.81	60	60	10	6.24	family	FALSE	FALSE	FALSE	FALSE	Pull the perfect jewel heist without getting discovered.	
T.I.M.E Stories	6	Co-Op	2	4	4	2.59	90	90	12	7.37	thematic	FALSE	TRUE	FALSE	FALSE	Protect the world from paradoxes with your team of time-traveling agents.	
T.I.M.E Stories: The Marcy Case	6	Co-Op	2	4	4	2.66	60	90	12	7.50	thematic	FALSE	TRUE	FALSE	FALSE	A strange disease strikes a quiet American town.	
T.I.M.E Stories: Under the Mask	6	Co-Op	2	4	4	2.46	90	0	12	7.28	thematic	FALSE	TRUE	FALSE	FALSE	Enter the Valley of the Kings and unravel a pharaoh's secret. 	
Taboo Uncensored	1	Party	4	99		0.00	20	20	17	8.12		FALSE	FALSE	TRUE	FALSE	A more adult version of the classic word-guessing game	
Tacocat Spelled Backwards	7	2-Player	2	2	2	1.19	15	20	7	6.34		FALSE	FALSE	TRUE	FALSE	With Tacocat on the line, anything can happen in this palindrome-powered tug-of-war!	
Tak	7	2-Player	2	2	2	2.44	20	60	12	7.58	abstracts	FALSE	FALSE	FALSE	FALSE	Be first to build a complete road using tiles that can stack or stand on edge.	
Take the Train	3	Lighter	2	6	4	1.20	30	30	7	5.23	family	FALSE	FALSE	FALSE	FALSE	Enlarge your fortune thanks to smart investments in rolling stock at the locomotive auction.	
Takenoko	4	Standard	2	4	3	1.98	45	45	8	7.21	family	FALSE	FALSE	FALSE	FALSE	Carefully cultivate a bamboo garden with the help of a gardener and a hungry panda.	
Talisman: Kingdom Hearts	4	Standard	2	6	5–6	2.63	60	90	11	6.54		FALSE	FALSE	FALSE	FALSE	Fight the Heartless, obtain a Keyblade, and be first to close the Door to Darkness!	
Tapestry	5	Advanced	1	5	3	2.95	90	120	12	7.44	strategy	FALSE	FALSE	FALSE	FALSE	Lead a unique civilization to greatness through cultural and technological advances.	
Targi	10	 										FALSE	FALSE	FALSE	FALSE		
Taverns of Tiefenthal, The	1	Party	2	4	2–3	2.68	60	60	12	7.58	strategy, family	FALSE	FALSE	TRUE	FALSE	&quot;Build your way to the best Tavern in town with this deckbuilding dice drafting game&quot;	
Tea Dragon Society Card Game, The	3	Lighter	2	4	3	1.45	30	60	10	6.33	family	FALSE	FALSE	FALSE	FALSE	Build memories through the seasons with adorable beverage-based companion animals.	
Telestrations After Dark	1	Party	4	8	6–8	1.00	20	30	17	7.10	party	FALSE	FALSE	TRUE	FALSE	This is an adult version of the award winning Telestrations. 	
Telestrations: 12 Player Party Pack	3	Lighter	4	12	12	1.06	30	30	12	7.74	party	FALSE	FALSE	FALSE	FALSE	Let the hilarity begin as you try your best to draw and interpret sketches.	
Terminus	5	Advanced	1	5	4	3.62	90	180	14	7.29		FALSE	FALSE	FALSE	FALSE	Build tracks and stations for underground trains to bring your company to the top!	
Termite Towers	4	Standard	1	4		2.00	60	75	10	6.24		FALSE	FALSE	FALSE	FALSE	Direct your termites to collect wood, hatch eggs and build the best tower!	
Terra Mystica	5	Advanced	2	5	4	3.97	60	150	12	8.05	strategy	FALSE	FALSE	FALSE	FALSE	Play fantastical factions.  Expand your influence by terraforming and joining cults.	
Terra Nova	5	Advanced	2	4	3–4	2.84	60	90	12	7.17	strategy	FALSE	FALSE	FALSE	FALSE	Control one of ten asymmetric factions in a streamlined version of Terra Mystica.	
Terraforming Mars	5	Advanced	1	5	3	3.26	120	120	12	8.35	strategy	FALSE	FALSE	FALSE	FALSE	Compete with rival CEOs to make Mars habitable and build your corporate empire.	
Terraforming Mars: Ares Expedition	5	Advanced	1	4	3	2.92	45	60	14	7.66	strategy	FALSE	FALSE	FALSE	FALSE	Return to Mars and terraform it once again, this time using only cards.	
Terraforming Mars: The Dice Game	4	Standard	1	4	2	2.35	45	0	14	7.32	strategy	FALSE	FALSE	FALSE	FALSE	Compete with rival CEOs to make Mars habitable and build your corporate empire.	
Terror in Meeple City	3	Lighter	2	4	4	1.48	45	45	8	6.82	family	FALSE	FALSE	FALSE	FALSE	Smash! Stomp! Chomp! Your monster can destroy it all with the flick of a finger.	
That Escalated Quickly	1	Party	2	8	5, 7	1.20	15	15	10	7.16		FALSE	FALSE	TRUE	FALSE	Put your friends' responses to silly prompts in order.	
The Castles of Burgundy	5	Advanced	1	4	2	2.92	70	120	12	8.45	strategy	FALSE	FALSE	FALSE	FALSE	Build your princedom into a bustling metropolis of commerce.	
The Color Monster	6	Co-Op	2	5	2–3	1.10	25	25	3	6.55	childrens	FALSE	TRUE	FALSE	FALSE	Collaborate to help the Monster figure out his emotions. 	
The Isle of Cats	4	Standard	1	4	3	2.36	60	90	8	7.66	strategy, family	FALSE	FALSE	FALSE	FALSE	Rescue as many cats as you can before Lord Vesh comes to destroy their home.	
The Werewolves of Miller's Hollow	1	Party	8	18	11–15	1.32	30	30	10	6.69	party	FALSE	FALSE	TRUE	FALSE	Be a villager and lynch the werewolves... unless you are a werewolf yourself.	
Thera	4	Standard	1	4	3	2.67	60	120	10	7.05		FALSE	FALSE	FALSE	FALSE	Destroyed by one of the largest volcanoes ever, Thera awaits your rebuild koreter.	
Thing, The	4	Standard	2	4	4	2.33	45	45	18	6.96	thematic	FALSE	FALSE	FALSE	FALSE	Antarctica 1982. One team starts human - the other is weird and pissed off.	
Thorgal: The Board Game	5	Advanced	1	4	1	3.24	90	120	14	7.73		FALSE	FALSE	FALSE	FALSE	Go on adventures in the mystic world of Norse mythology.	
Ticket to Ride	4	Standard	2	5	4	1.83	30	60	8	7.39	family	FALSE	FALSE	FALSE	FALSE	Build your railroad across North America to connect cities and complete tickets.	
Ticket to Ride: Europe	4	Standard	2	5	4	1.92	30	60	8	7.53	family	FALSE	FALSE	FALSE	FALSE	Build train routes across Europe in this sequel to the hit family board game.	
Ticket to Ride: First Journey (U.S.)	3	Lighter	2	4	3–4	1.40	15	30	6	6.86	childrens	FALSE	FALSE	FALSE	FALSE	The whole family races to collect tickets and travel by train from coast to coast.	
Tidal Blades: Banner Festival	4	Standard	2	5	4	1.92	30	45	8	7.01		FALSE	FALSE	FALSE	FALSE	Players try to outmaneuver opponents in this sophisticated trick taking game!	
Tides of Madness	7	2-Player	2	2	2	1.48	20	20	10	6.74	strategy, family	FALSE	FALSE	FALSE	FALSE	Draft Cards that work together to gain points....but don't lose your sanity first!	
Tigris & Euphrates	5	Advanced	2	4	4	3.50	60	120	14	7.70	strategy	FALSE	FALSE	FALSE	FALSE	Keep your Mesopotamian civilization in perfect balance through revolutions and wars.	
Tikal	4	Standard	2	4	4	2.78	90	90	10	7.32	strategy	FALSE	FALSE	FALSE	FALSE	Strategically create pathways through jungle, collect treasure, and excavate temples.	
Tiny Epic Defenders	6	Co-Op	1	4	1	1.83	30	30	13	6.24	strategy	FALSE	TRUE	FALSE	FALSE	Select your class and work to defend against the evil horde and slay the Epic Foe.	2 copies
Tiny Epic Galaxies	4	Standard	1	5	3	2.15	30	45	14	7.33	strategy	FALSE	FALSE	FALSE	FALSE	Roll your dice and colonize planets, utilizing your energy and culture.	
Tiny Epic Galaxies: Beyond the Black	4	Standard	1	5	3	2.77	30	45	14	7.73	strategy	FALSE	FALSE	FALSE	FALSE	Pilots to commander your new ships, and the Beyond to be explored!	
Tiny Epic Kingdoms	4	Standard	2	5	4	2.09	30	45	13	6.54	strategy	FALSE	FALSE	FALSE	FALSE	Have your tiny kingdom expanded in the epic war of Aughmoore.	2 copies
Tiny Epic Kingdoms: Heroes' Call	4	Standard	1	5	4	2.35	30	60	14	7.13		FALSE	FALSE	FALSE	TRUE	Have your tiny kingdom expanded in the epic war of Aughmoore.	
Tiny Epic Mechs	4	Standard	1	4	3–4	2.52	30	60	14	6.70	strategy	FALSE	FALSE	FALSE	FALSE	Program the Mech's movement. Shoot your opponent. Win the crowd.	
Tiny Epic Pirates	5	Advanced	1	4	3	2.86	30	60	14	7.03	strategy	FALSE	FALSE	FALSE	FALSE	Pirates take to the high-seas for fame and fortune!	
Tiny Epic Tactics	6	Co-Op	1	4	2, 4	2.50	30	60	14	6.73	strategy	FALSE	TRUE	FALSE	FALSE	Control a team of heroes to take control of a landscape made from the box of the game	
Tiny Epic Tactics: Maps Expansion	6	Co-Op	1	4		0.00	30	60	14	6.47		FALSE	TRUE	FALSE	TRUE	Convert the 6 Evergreen Woodlands boxes into 2 different settings!	
Tiny Epic Vikings	4	Standard	1	4	3	2.77	45	60	14	7.34		FALSE	FALSE	FALSE	FALSE	Viking clans seek glory and the favor of the gods!	
Tiny Epic Western	5	Advanced	1	4	4	2.88	30	45	14	6.62	strategy	FALSE	FALSE	FALSE	FALSE	Place posse. Win poker. Buy buildings. Own the town. And duel those in your way.	
Tiny Epic Zombies	6	Co-Op	1	5	3	2.52	30	45	14	6.95	thematic	FALSE	TRUE	FALSE	FALSE	Take out zombies in your choice of co-op, one vs. many or competitive game.	
Tiny Towns	4	Standard	1	6	3	2.05	45	60	14	7.22	family	FALSE	FALSE	FALSE	FALSE	Plan well as you build your town one building at a time. Will it fit?	
Tiwanaku	4	Standard	1	4	3	2.19	30	60	14	7.22	abstracts	FALSE	FALSE	FALSE	FALSE	Play a Quechua farmer who needs to respect the rules of the Earth Goddess Pachamama.	
Tokaido	3	Lighter	2	5	4	1.74	45	45	8	6.92	family	FALSE	FALSE	FALSE	FALSE	Travel the famed Tokaido road, visit hot springs, try new food, and paint landscapes.	
Tokaido: Namiji	3	Lighter	2	5	4	1.73	30	45	8	7.08	family	FALSE	FALSE	FALSE	FALSE		
Tokyo Highway	3	Lighter	2	4	3	1.36	30	30	8	6.83	family	FALSE	FALSE	FALSE	FALSE	As the highway network gradually builds up, ensure you don't cause accidents!	
Topple	7	2-Player	2	2		0.00	10	10	8	5.43	childrens, abstracts	FALSE	FALSE	FALSE	FALSE	A fun balancing game with a Connect 4 strategy.	
Toriki: The Castaway Island	4	Standard	1	4	2–3	2.00	20	600	8	8.00		FALSE	FALSE	FALSE	FALSE	Test your exploration and survival skills after being stranded on a deserted island!	
Tortuga 2199	4	Standard	2	4	3–4	2.57	60	90	12	7.09	strategy	FALSE	FALSE	FALSE	FALSE	As a space pirate improve your ship, capture cosmic monsters and conquer a planet.	
Touch of Evil, A: The Supernatural Game	6	Co-Op	2	8	4	2.56	60	120	12	6.98	thematic	FALSE	TRUE	FALSE	FALSE	Dashing heroes battle fiendish creatures in Colonial America.	
Towers of Arkhanos, The	3	Lighter	2	4	3–4	1.39	20	30	14	6.68		FALSE	FALSE	FALSE	FALSE	A dice drafting, tower building game whre you must jointly build arcane towers to channel the power of past civilizations. 	
Trails	4	Standard	2	4	2	1.78	20	40	10	7.06	family	FALSE	FALSE	FALSE	FALSE	Take a hike on trails, exploring iconic sites and national parks across the U.S.	AEG Black Box
Trains	4	Standard	2	4	3	2.38	45	45	12	7.13	strategy	FALSE	FALSE	FALSE	FALSE	Buy the right mix of cards to build stations and lay tracks between Japanese cities.	
Tranquility	6	Co-Op	1	5	2	1.35	15	20	8	6.97	family	FALSE	TRUE	FALSE	FALSE	Work together to traverse the seas, complete the grid and reach your island paradise!	
Trekking the National Parks	3	Lighter	2	6	4	1.64	30	60	8	6.93	family	FALSE	FALSE	FALSE	FALSE	Compete in a cross country race to visit the National Parks and collect points.	
Trekking the World	4	Standard	2	5	4	1.90	30	60	10	7.08	family	FALSE	FALSE	FALSE	FALSE	A light strategy game about the pleasures and wonders of world travel.	
Trekking Through History	3	Lighter	2	4	3	1.74	30	60	10	7.59	family	FALSE	FALSE	FALSE	FALSE	Time travel to some of the greatest moments in human history.	
Trick or treat	3	Lighter	2	6	4	1.67	45	45	13	6.83		FALSE	FALSE	FALSE	FALSE	Can you solve the mystery of haunted Hyde Manor?	
Tricks and Treats	3	Lighter	2	4	3–4	1.38	10	10	8	6.06		FALSE	FALSE	FALSE	FALSE	The grownups have tasked you and your friends to fairly distribute the candy pile. But you have something else in mind. 	
Triqueta	3	Lighter	2	5	3–4	1.29	20	30	7	6.85	family	FALSE	FALSE	FALSE	FALSE	Collect sets of mystical animal tokens and form perfect triquetas.	
Trivial Pursuit: Family Edition	3	Lighter	2	36	4	1.69	90	90	12	5.56	family	FALSE	FALSE	FALSE	FALSE	Like Trivial Pursuit, but with both senior and junior questions.	
TrollFest	4	Standard	3	6	4	2.00	45	45	14	7.50		FALSE	FALSE	FALSE	FALSE	Build a better band, then tour the continent... on dragons!	
Tsuro: The Game of the path	3	Lighter	2	8	4, 6	1.22	15	20	8	6.67	abstracts, family	FALSE	FALSE	FALSE	FALSE		2 copies
Tumball	3	Lighter	2	4	2–4	1.00	20	30	5	5.18		FALSE	FALSE	FALSE	FALSE		
Tumble Town	4	Standard	1	4	1–2	1.94	45	45	8	6.92		FALSE	FALSE	FALSE	FALSE	Use dice as materials to build up your main street in a wild west town.	
Turing Machine	4	Standard	1	4	1	2.44	20	20	14	7.68	strategy	FALSE	FALSE	FALSE	FALSE	Crack codes using a real analog computer.	
Two Rooms and a Boom	1	Party	6	30	14, 16, 18, 20, 22	1.45	7	20	8	6.99	party	FALSE	FALSE	TRUE	FALSE	Help the president or hunt him down in this social deduction game for 6-30 players.	
Tzolk'in: The Mayan Calendar	5	Advanced	2	4	4	3.67	90	90	13	7.86	strategy	FALSE	FALSE	FALSE	FALSE	Lead your people, build monuments and make offerings to earn the favour of the gods.	
Ultra Tiny Epic Galaxies	4	Standard	1	5	3	2.18	30	45	14	7.33		FALSE	FALSE	FALSE	FALSE	Roll tiny dice, conquer tiny planets, dominate tiny galaxies.	
Ultra Tiny Epic Kingdoms	4	Standard	1	5	4	2.09	30	45	13	6.64		FALSE	FALSE	FALSE	FALSE	A tiny kingdom with big ambition. Expand your population throughout the realm!	
Under Falling Skies	6	Co-Op	1	100	1	2.39	20	40	12	7.64	strategy	FALSE	TRUE	FALSE	FALSE	You alone command the forces of a city holding off invading aliens.	
Under My Bed	3	Lighter	3	8	5	0.00	5	15	8	6.04		FALSE	FALSE	FALSE	FALSE	We're all monsters here, unless someone is secretly a kid in a monster costume...	
Undergrove	4	Standard	1	4	3	2.63	60	75	10	7.17	strategy	FALSE	FALSE	FALSE	FALSE	Trade nutrients with fungi to grow new trees.	
Underwater Cities	5	Advanced	1	4	2	3.58	80	150	12	8.05	strategy	FALSE	FALSE	FALSE	FALSE	Develop future cities on the seafloor through politics, production, and science.	
Unlock!: Escape Adventures – Squeek & Sausage	6	Co-Op	1	6	2–3	2.05	45	75	10	7.16	thematic	FALSE	TRUE	FALSE	FALSE		
Unlock!: Escape Adventures – The Formula	6	Co-Op	1	6	2–3	2.32	45	75	10	6.99	thematic	FALSE	TRUE	FALSE	FALSE		
Unlock!: Escape Adventures – The Island of Doctor Goorse	6	Co-Op	2	6	4	2.96	60	60	10	6.66	thematic	FALSE	TRUE	FALSE	FALSE		
Unlock!: Mythic Adventures	6	Co-Op	1	6	2	2.17	60	60	10	7.70	thematic, family	FALSE	TRUE	FALSE	FALSE	A series of 1 hour escape adventures 	
UNO	2	Classic	2	10	4–6	1.10	30	30	6	5.46	family	TRUE	FALSE	FALSE	FALSE	Get rid of your cards first, but don't forget to say "UNO!"	
Unstable Unicorns	1	Party	2	8	4–5	1.49	30	60	8	6.24	party	FALSE	FALSE	TRUE	FALSE	We know unicorns are cute and cuddly...but who knew they could be so mean?!	
Urbania	4	Standard	2	5	2–3	2.35	45	45	10	6.43	family	FALSE	FALSE	FALSE	FALSE	A game for the people and their right to protest! 	
Vaalbara	3	Lighter	2	5	4	1.67	20	20	10	7.23	family	FALSE	FALSE	FALSE	FALSE	Neolithic clan leaders settle once and for all who will rule them all.	
Vale of Eternity, The	4	Standard	2	4	3	2.13	30	45	14	7.61	strategy, family	FALSE	FALSE	FALSE	FALSE	Tame a variety of mythical creatures to gain their powers.	
Vast: The Crystal Caverns	5	Advanced	1	5	4	3.64	75	150	10	7.10	thematic,strategy	FALSE	FALSE	FALSE	FALSE	Where a knight, dragon, cave, goblins, or thief, prepare for an asymmetric battle.	
Vegas Showdown	4	Standard	3	5	5	2.36	75	75	12	7.15	strategy	FALSE	FALSE	FALSE	FALSE	Bid on restaurants, slots & lounges to build the best hotel/casino in all of Vegas!	
Verdant	4	Standard	1	5	2–3	2.07	45	60	10	7.35	family	FALSE	FALSE	FALSE	FALSE	Collect and care for houseplants as you arrange the coziest home.	
Via Nebula	4	Standard	2	4	3–4	2.25	45	60	12	7.02	strategy, family	FALSE	FALSE	FALSE	FALSE	Clear clouds from a meadow of riches to be the first to build out your settlement.	
Virtual Revolution	5	Advanced	2	4	4	3.00	90	90	14	7.06		FALSE	FALSE	FALSE	FALSE	Spread your influence across a dark and dystopian Paris.	
Viscounts of the West Kingdom	5	Advanced	1	4	3	3.46	60	90	12	7.83	strategy	FALSE	FALSE	FALSE	FALSE	Travel the Kingdom seeking upgrades in an attempt to bring poverty or prosperity.	
Viticulture	10	 										FALSE	FALSE	FALSE	FALSE		
Viticulture World	10	 										FALSE	FALSE	FALSE	FALSE		
Vivarium	1	Party	2	4	4	1.86	30	30	10	7.02		FALSE	FALSE	TRUE	FALSE	Scientists manoeuvre to be the one with the most incredible discoveries.	
Vivid Memories	5	Advanced	2	4	2	2.95	30	45	13	6.56	abstracts, family	FALSE	FALSE	FALSE	FALSE	A game of collecting and connecting memories--how they weave together is everything!	
Voidfall	5	Advanced	1	4	3	4.64	90	240	15	8.58	strategy	FALSE	FALSE	FALSE	FALSE	Repel the Voidborn and restore Domineum in this space themed, heavy Euro.	
Waggle Dance	4	Standard	1	4	4	2.20	30	60	10	6.64		FALSE	FALSE	FALSE	FALSE	Direct your worker bees to collect nectar, hatch eggs and make the most honey!	
Walking Dead Board Game, The	3	Lighter	1	4	4	1.73	45	45	16	4.98		FALSE	FALSE	FALSE	FALSE	Based on the AMC television series, The Walking Dead. The zombie apocalypse is here and the human race is on its last legs. 	
Wandering Towers	3	Lighter	2	6	4–5	1.66	30	30	8	7.39	family	FALSE	FALSE	FALSE	FALSE	Trap wizards in towers to get yours to Ravenskeep first.	
War For Chicken Island	4	Standard	1	4	3	2.18	30	240	10	6.82	war, thematic	FALSE	FALSE	FALSE	FALSE	Visit the most deadly of islands...an island ruined by war...Chicken Island.	
War of Civilizations	4	Standard	3	6	3–6	2.20	60	90	14	6.51	war, strategy	FALSE	FALSE	FALSE	FALSE	Lead your clans in to an epic battle to conquer the legendary island of Myth.	
War of the Ring: The Card Game	5	Advanced	2	4	4	2.94	90	120	12	7.69	strategy	FALSE	FALSE	FALSE	FALSE	Take control of the Free Peoples or the Shadow Armies.	
Warp's Edge	6	Co-Op	1	1	1	2.41	30	45	10	7.71	strategy	FALSE	TRUE	FALSE	FALSE	You are alone: power up your ship to fight against a swarm of enemies.	
Watch Out Beetlejuice	3	Lighter	2	6		0.00	30	30	10	6.90		FALSE	FALSE	FALSE	FALSE	Push your luck but just be careful not to roll “Beetlejuice” three times!	
Watergate	7	2-Player	2	2	2	2.27	30	60	12	7.76	strategy	FALSE	FALSE	FALSE	FALSE	Will Nixon triumph in his tug of war with the Press or will the truth be exposed?	
Watson & Holmes	4	Standard	2	7	4–5	2.14	45	75	12	7.26	thematic	FALSE	FALSE	FALSE	FALSE	Be first to help Holmes solve the crime by following clues and investigating leads.	
Wavelength	1	Party	2	12	6, 8	1.11	30	45	14	7.26	party	FALSE	FALSE	TRUE	FALSE	Read your teammates’ minds in this pinpoint party game of infinite possibilities.	
Wayfarers of the South Tigris	5	Advanced	1	4	2	3.80	60	90	13	7.81	strategy	FALSE	FALSE	FALSE	FALSE	Explore the waterways, map the land, and chart the stars in medieval Baghdad.	
We Can Play: Women Who Changed the World	3	Lighter	1	8	2–3	1.25	10	30	10	7.30		FALSE	FALSE	FALSE	FALSE	Discover great stories of women who have changed the world.	
Weirdwood Manor	6	Co-Op	1	5	2	3.35	90	120	14	7.50		FALSE	TRUE	FALSE	FALSE	Work together to battle time & malevolent monsters in a magical, ever-shifting manor!	
Welcome Back to the Dungeon	3	Lighter	2	4	3–4	1.31	30	30	10	6.70	family	FALSE	FALSE	FALSE	FALSE	Push your luck crawling through this dungeon. Did you remember the correct monsters?	
Welcome to the Dungeon	3	Lighter	2	4	3	1.23	30	30	10	6.53	party,family	FALSE	FALSE	FALSE	FALSE	Push your luck to crawl a dungeon, or stack the deck to ensure an adversary fails.	
Welcome To...Your perfect home	4	Standard	1	100	3–4	1.84	25	25	10	7.53	family	FALSE	FALSE	FALSE	FALSE		
Werewords: The Hidden Identity Word Game	1	Party	4	10	6–7	1.16	10	10	8	7.12	party	FALSE	FALSE	TRUE	FALSE		
When I Dream	1	Party	4	10	6	1.19	20	40	8	6.94	party	FALSE	FALSE	TRUE	FALSE	Help the Dreamer refine their visions or bring them to a nightmare.	
Wild Gardens	4	Standard	1	4	2	2.33	90	120	14	7.83		FALSE	FALSE	FALSE	FALSE	A strategy game about the delightful world of foraging.	
Wild Tiled West	4	Standard	1	5	3	2.68	45	90	13	7.68		FALSE	FALSE	FALSE	FALSE	Build. Mine. Tussle. Wrangle.	
Wingspan	4	Standard	1	5	3	2.47	40	70	10	8.04	strategy, family	FALSE	FALSE	FALSE	FALSE	Attract a beautiful and diverse collection of birds to your wildlife preserve.	
Winter	7	2-Player	2	2	2	1.44	10	10	8	6.99	abstracts, family	FALSE	FALSE	FALSE	FALSE	Winter has arrived, and with it, the contest over control of the frozen lake.	
Winter Kingdom	4	Standard	2	4	3	2.65	45	60	14	7.35	strategy	FALSE	FALSE	FALSE	FALSE	Earn money to buy abilities needed to build the best kingdom.	
Witch Slapped!	3	Lighter	3	6	4–5	1.00	15	30	9	6.57		FALSE	FALSE	FALSE	FALSE	You are an evil witch looking to set up your gingerbread house in a dark forest and start gobbling up local children. 	
Witness	1	Party	4	4	4	1.48	15	15	13	7.24	Party, Deduction, Cooperative, Murder/Mystery	FALSE	TRUE	TRUE	FALSE	Whisper your clues to fellow agents and solve 64 unique cases.	
Wits & Wagers	1	Party	3	7	6–7	1.21	25	25	10	6.93	party	FALSE	FALSE	TRUE	FALSE	Bet on who’s likely to guess the closest to the correct answer in this trivia game.	
Wits & Wagers Party	1	Party	4	18	5–6	1.11	25	25	8	6.90	party	FALSE	FALSE	TRUE	FALSE	What you lack in trivia wits, you can make up for in clever wagers.	
Wonder Woods	3	Lighter	2	5	4	1.19	20	25	8	6.78	family	FALSE	FALSE	FALSE	FALSE	Use bluff and deduction in order to find the best mushroom spots.	
Wonky	1	Party	2	99	3–4	1.00	15	30	8	6.75		FALSE	FALSE	TRUE	FALSE	These blocks don’t quite stack right. Don’t let the tower fall!	
Woodcraft	5	Advanced	1	4	3	3.82	60	120	12	7.64	strategy	FALSE	FALSE	FALSE	FALSE	Grow trees, gather wood and other materials, craft items and build the best workshop!	
Word Whimsy	1	Party	3	7	5–7	1.00	20	30	15	6.87		FALSE	FALSE	TRUE	FALSE	A party game that uses "prompt cards" to set the theme for each round.	
Wordoku: Fun Spelled Out	3	Lighter	1	6		1.67	20	30	12	5.97		FALSE	FALSE	FALSE	FALSE	Race to create words and earn points using wooden letter tiles on a 4x4 grid, while skillfully incorporating all the tile symbols to double word values! 	
World Monuments	3	Lighter	2	4	4	1.36	45	45	8	6.21	family	FALSE	FALSE	FALSE	FALSE	Immerse yourself in world of master builders to construct the monuments of history.	
World Wonders	4	Standard	1	5	3	2.25	50	70	12	7.63	strategy, family	FALSE	FALSE	FALSE	FALSE	Buy tiles, manage resources and place wonder tokens to build your own Ancient City.	
World's Fair 1893	4	Standard	2	4	4	2.01	35	45	10	7.15	strategy, family	FALSE	FALSE	FALSE	FALSE	Be the leading exhibitor at the famous fair when the big wheel finally stops.	
Wrong Party	3	Lighter	2	5	5	1.13	30	60	12	6.44		FALSE	FALSE	FALSE	FALSE	Host the perfect party by drafting mismatched guests and crazy party themes.	
Wyrmspan	4	Standard	1	5	3	2.79	90	90	14	8.06	strategy	FALSE	FALSE	FALSE	FALSE	Build a cavernous sanctuary for dragons of all shapes and sizes!	
XCOM: The Board Game	6	Co-Op	1	4	4	2.91	60	120	14	6.99	thematic	FALSE	TRUE	FALSE	FALSE	Quickly work together to develop new tech and defend the world from invading aliens.	
Yahtzee	2	Classic	2	10	3–4	1.18	30	30	6	5.51	family	TRUE	FALSE	FALSE	FALSE	Yes the dice are fickle, but score your combos strategically to max out on points.	
Yamslam	3	Lighter	2	4	4	1.20	15	15	8	6.27	family	FALSE	FALSE	FALSE	FALSE	A great mashup of Yahtzee and Poker.	
Yokai Sketch	7	2-Player	2	2	2	1.30	20	20	12	6.90		FALSE	FALSE	FALSE	FALSE	Complete a set of cards of one type of Yokai and claim the points on it.	
Yokohama	5	Advanced	2	4	3	3.29	90	90	14	7.81	strategy	FALSE	FALSE	FALSE	FALSE	Claim your fame as the dominant merchant in Yokohama during the Meiji period.	
You've Got Crabs	3	Lighter	4	10	6, 8	1.16	15	20	7	5.95	party	FALSE	FALSE	FALSE	FALSE	Players collect 4 of the same crabs and secretly signal to each other to get points.	
Your Best Life	4	Standard	1	8	2–5	2.33	45	45	10	7.33		FALSE	FALSE	FALSE	FALSE	Choose the best options from the cards available to lead a fulfilling life.	
Your Friend Is Sad	3	Lighter	1	4	4	1.00	15	30	14	5.91		FALSE	FALSE	FALSE	FALSE	Cheer up a sad friend!	
ZhanGuo	5	Advanced	2	4	4	3.82	60	120	12	7.55	strategy	FALSE	FALSE	FALSE	FALSE	Carefully manage civil unrest while rebuilding China for the Emperor.	
Zilence	3	Lighter	2	4		1.00	20	30	6	5.07		FALSE	FALSE	FALSE	FALSE	Search for the items that will keep you safe during a zombie apocalypse.	
Zombicide: 2nd Edition	5	Advanced	1	6	3	2.36	60	60	14	7.97	thematic	FALSE	TRUE	FALSE	FALSE	The ultimate zombie game made reality. Don't get surrounded!	
Zombie Dice	3	Lighter	2	99	4–5	1.09	10	20	10	6.23	party	FALSE	FALSE	FALSE	FALSE	Eat as many tasty brains as you dare, without getting shotgunned.	
Zombie Kittens	3	Lighter	2	5	4–5	1.14	15	15	7	6.56		FALSE	FALSE	FALSE	FALSE	At which point they  EXPLODE  and they're dead. But  it's not over yet.	
Zoomino	3	Lighter	2	4		0.00	10	10	4	7.31		FALSE	FALSE	FALSE	FALSE	Fit the heads and tails together to capture animals for your zoo.	